id,service,severity,root_cause_category,postmortem_text
INC-00299,notification-service,SEV3,deployment_regression,"## Summary
This postmortem covers a minor service degradation in notification-service that began at 11:46 UTC on June 27, 2026 and affected approximately 36% of requests during the incident window.

## Root Cause
A deploy to notification-service at 11:46 UTC introduced a change to the caching layer. The change passed CI but the test suite did not reproduce the production traffic shape, and the regression only became visible once real user traffic hit the new code path.

## Detection & Response
The incident was detected by automated alerting 5 minutes after onset, when p99 latency crossed its configured threshold. On-call acknowledged within 8 minutes and began triage immediately, correlating the alert storm across 3 affected services before identifying notification-service as the origin.

## Resolution
The team mitigated impact by reverting the offending change and redeploying the previous version, which brought error rates back to baseline within 12 minutes of the mitigation being applied. Full resolution, including validation that downstream services had recovered, was confirmed 23 minutes after the incident began.

## Contributing Factors
- feature flag was enabled for 100% of traffic instead of a gradual ramp
- load test suite did not cover the changed code path

## Preventive Action
Extend the canary stage to a minimum of 30 minutes with automated error-budget gating."
INC-00005,api-gateway,SEV3,deployment_regression,"## Summary
This postmortem covers a minor service degradation in api-gateway that began at 10:10 UTC on September 21, 2025 and affected approximately 24% of requests during the incident window.

## Root Cause
The root cause was a regression introduced by deploy DEP-00055, which changed the session-handling code and did not account for a burst of concurrent requests under production traffic patterns. The new code path was exercised far more heavily in production than in staging, and error rates began climbing within minutes of rollout.

## Detection & Response
The incident was detected by automated alerting 3 minutes after onset, when queue depth crossed its configured threshold. On-call acknowledged within 6 minutes and began triage immediately, correlating the alert storm across 1 affected services before identifying api-gateway as the origin.

## Resolution
The team mitigated impact by reverting the offending change and redeploying the previous version, which brought error rates back to baseline within 14 minutes of the mitigation being applied. Full resolution, including validation that downstream services had recovered, was confirmed 19 minutes after the incident began.

## Contributing Factors
- insufficient canary analysis before full rollout
- no automated rollback trigger on error-rate regression

## Preventive Action
Add an automatic rollback trigger keyed to error-rate and latency slos."
INC-00255,notification-service,SEV3,deployment_regression,"## Summary
Starting at 14:41 UTC on March 03, 2026, customers using notification-service began experiencing approximately 47% of requests during the incident window.

## Root Cause
A deploy to notification-service at 14:41 UTC introduced a change to the session-handling code. The change passed CI but the test suite did not reproduce the production traffic shape, and the regression only became visible once real user traffic hit the new code path.

## Detection & Response
Automated monitoring fired 2 minutes into the incident on error rate. The on-call engineer acknowledged in 7 minutes; initial triage was complicated by a wave of correlated alerts from downstream services before the team traced the issue back to notification-service.

## Resolution
Mitigation was applied by rolling back deploy DEP-03086. Metrics returned to baseline 15 minutes later, and the incident was formally closed 25 minutes after it started once all downstream alerts had cleared.

## Contributing Factors
- feature flag was enabled for 100% of traffic instead of a gradual ramp
- no automated rollback trigger on error-rate regression

## Preventive Action
Add an automatic rollback trigger keyed to error-rate and latency slos."
INC-00307,notification-service,SEV2,deployment_regression,"## Summary
On July 23, 2026, notification-service experienced a major service degradation that affected read and write requests for a subset of users.

## Root Cause
The root cause was a regression introduced by deploy DEP-03797, which changed the retry logic and did not account for a burst of concurrent requests under production traffic patterns. The new code path was exercised far more heavily in production than in staging, and error rates began climbing within minutes of rollout.

## Detection & Response
The incident was detected by automated alerting 5 minutes after onset, when queue depth crossed its configured threshold. On-call acknowledged within 9 minutes and began triage immediately, correlating the alert storm across 3 affected services before identifying notification-service as the origin.

## Resolution
Mitigation was applied by reverting the offending change and redeploying the previous version. Metrics returned to baseline 20 minutes later, and the incident was formally closed 27 minutes after it started once all downstream alerts had cleared.

## Contributing Factors
- feature flag was enabled for 100% of traffic instead of a gradual ramp
- no automated rollback trigger on error-rate regression

## Preventive Action
Add an automatic rollback trigger keyed to error-rate and latency slos."
INC-00087,api-gateway,SEV3,deployment_regression,"## Summary
On August 16, 2026, api-gateway experienced a minor service degradation that affected read and write requests for a subset of users.

## Root Cause
The root cause was a regression introduced by deploy DEP-01046, which changed the retry logic and did not account for a burst of concurrent requests under production traffic patterns. The new code path was exercised far more heavily in production than in staging, and error rates began climbing within minutes of rollout.

## Detection & Response
The incident was detected by automated alerting 6 minutes after onset, when error rate crossed its configured threshold. On-call acknowledged within 4 minutes and began triage immediately, correlating the alert storm across 1 affected services before identifying api-gateway as the origin.

## Resolution
The team mitigated impact by rolling back deploy DEP-01046, which brought error rates back to baseline within 33 minutes of the mitigation being applied. Full resolution, including validation that downstream services had recovered, was confirmed 66 minutes after the incident began.

## Contributing Factors
- load test suite did not cover the changed code path
- feature flag was enabled for 100% of traffic instead of a gradual ramp

## Preventive Action
Expand load test coverage to include the affected request path."
INC-00101,auth-service,SEV3,deployment_regression,"## Summary
On November 23, 2025, auth-service experienced a minor service degradation that affected approximately 31% of requests during the incident window.

## Root Cause
A deploy to auth-service at 11:55 UTC introduced a change to the rate limiter. The change passed CI but the test suite did not reproduce the production traffic shape, and the regression only became visible once real user traffic hit the new code path.

## Detection & Response
The incident was detected by automated alerting 1 minutes after onset, when 5xx rate crossed its configured threshold. On-call acknowledged within 13 minutes and began triage immediately, correlating the alert storm across 5 affected services before identifying auth-service as the origin.

## Resolution
Mitigation was applied by rolling back deploy DEP-01225. Metrics returned to baseline 25 minutes later, and the incident was formally closed 43 minutes after it started once all downstream alerts had cleared.

## Contributing Factors
- no automated rollback trigger on error-rate regression
- insufficient canary analysis before full rollout

## Preventive Action
Extend the canary stage to a minimum of 30 minutes with automated error-budget gating."
INC-00111,auth-service,SEV4,deployment_regression,"## Summary
Starting at 16:11 UTC on January 20, 2026, customers using auth-service began experiencing all traffic routed through the affected region.

## Root Cause
The root cause was a regression introduced by deploy DEP-01352, which changed the caching layer and did not account for a large-payload request body under production traffic patterns. The new code path was exercised far more heavily in production than in staging, and error rates began climbing within minutes of rollout.

## Detection & Response
The incident was detected by automated alerting 4 minutes after onset, when error rate crossed its configured threshold. On-call acknowledged within 11 minutes and began triage immediately, correlating the alert storm across 5 affected services before identifying auth-service as the origin.

## Resolution
The team mitigated impact by rolling back deploy DEP-01352, which brought error rates back to baseline within 14 minutes of the mitigation being applied. Full resolution, including validation that downstream services had recovered, was confirmed 28 minutes after the incident began.

## Contributing Factors
- no automated rollback trigger on error-rate regression
- feature flag was enabled for 100% of traffic instead of a gradual ramp

## Preventive Action
Expand load test coverage to include the affected request path."
INC-00301,notification-service,SEV4,deployment_regression,"## Summary
On July 05, 2026, notification-service experienced a low-impact anomaly that affected read and write requests for a subset of users.

## Root Cause
A deploy to notification-service at 14:24 UTC introduced a change to the checkout pricing calculation. The change passed CI but the test suite did not reproduce the production traffic shape, and the regression only became visible once real user traffic hit the new code path.

## Detection & Response
The incident was detected by automated alerting 7 minutes after onset, when CPU utilization crossed its configured threshold. On-call acknowledged within 5 minutes and began triage immediately, correlating the alert storm across 3 affected services before identifying notification-service as the origin.

## Resolution
The team mitigated impact by rolling back deploy DEP-03711, which brought error rates back to baseline within 9 minutes of the mitigation being applied. Full resolution, including validation that downstream services had recovered, was confirmed 16 minutes after the incident began.

## Contributing Factors
- feature flag was enabled for 100% of traffic instead of a gradual ramp
- load test suite did not cover the changed code path

## Preventive Action
Extend the canary stage to a minimum of 30 minutes with automated error-budget gating."
INC-00066,api-gateway,SEV4,deployment_regression,"## Summary
Starting at 16:02 UTC on May 17, 2026, customers using api-gateway began experiencing checkout and downstream flows.

## Root Cause
A deploy to api-gateway at 16:02 UTC introduced a change to the caching layer. The change passed CI but the test suite did not reproduce the production traffic shape, and the regression only became visible once real user traffic hit the new code path.

## Detection & Response
Automated monitoring fired 5 minutes into the incident on error rate. The on-call engineer acknowledged in 10 minutes; initial triage was complicated by a wave of correlated alerts from downstream services before the team traced the issue back to api-gateway.

## Resolution
The team mitigated impact by reverting the offending change and redeploying the previous version, which brought error rates back to baseline within 11 minutes of the mitigation being applied. Full resolution, including validation that downstream services had recovered, was confirmed 18 minutes after the incident began.

## Contributing Factors
- insufficient canary analysis before full rollout
- no automated rollback trigger on error-rate regression

## Preventive Action
Expand load test coverage to include the affected request path."
INC-00117,auth-service,SEV1,deployment_regression,"## Summary
This postmortem covers a critical, customer-facing outage in auth-service that began at 13:47 UTC on March 04, 2026 and affected all traffic routed through the affected region.

## Root Cause
A deploy to auth-service at 13:47 UTC introduced a change to the session-handling code. The change passed CI but the test suite did not reproduce the production traffic shape, and the regression only became visible once real user traffic hit the new code path.

## Detection & Response
Automated monitoring fired 3 minutes into the incident on p99 latency. The on-call engineer acknowledged in 2 minutes; initial triage was complicated by a wave of correlated alerts from downstream services before the team traced the issue back to auth-service.

## Resolution
The team mitigated impact by rolling back deploy DEP-01454, which brought error rates back to baseline within 211 minutes of the mitigation being applied. Full resolution, including validation that downstream services had recovered, was confirmed 271 minutes after the incident began.

## Contributing Factors
- no automated rollback trigger on error-rate regression
- insufficient canary analysis before full rollout

## Preventive Action
Extend the canary stage to a minimum of 30 minutes with automated error-budget gating."
INC-00072,api-gateway,SEV2,deployment_regression,"## Summary
On June 24, 2026, api-gateway experienced a major service degradation that affected checkout and downstream flows.

## Root Cause
The root cause was a regression introduced by deploy DEP-00892, which changed the rate limiter and did not account for null values in an optional field under production traffic patterns. The new code path was exercised far more heavily in production than in staging, and error rates began climbing within minutes of rollout.

## Detection & Response
Automated monitoring fired 2 minutes into the incident on queue depth. The on-call engineer acknowledged in 3 minutes; initial triage was complicated by a wave of correlated alerts from downstream services before the team traced the issue back to api-gateway.

## Resolution
Mitigation was applied by rolling back deploy DEP-00892. Metrics returned to baseline 29 minutes later, and the incident was formally closed 56 minutes after it started once all downstream alerts had cleared.

## Contributing Factors
- load test suite did not cover the changed code path
- feature flag was enabled for 100% of traffic instead of a gradual ramp

## Preventive Action
Add an automatic rollback trigger keyed to error-rate and latency slos."
INC-00281,notification-service,SEV3,deployment_regression,"## Summary
This postmortem covers a minor service degradation in notification-service that began at 11:38 UTC on April 24, 2026 and affected approximately 47% of requests during the incident window.

## Root Cause
A deploy to notification-service at 11:38 UTC introduced a change to the checkout pricing calculation. The change passed CI but the test suite did not reproduce the production traffic shape, and the regression only became visible once real user traffic hit the new code path.

## Detection & Response
Automated monitoring fired 4 minutes into the incident on CPU utilization. The on-call engineer acknowledged in 3 minutes; initial triage was complicated by a wave of correlated alerts from downstream services before the team traced the issue back to notification-service.

## Resolution
Mitigation was applied by reverting the offending change and redeploying the previous version. Metrics returned to baseline 29 minutes later, and the incident was formally closed 41 minutes after it started once all downstream alerts had cleared.

## Contributing Factors
- load test suite did not cover the changed code path
- no automated rollback trigger on error-rate regression

## Preventive Action
Expand load test coverage to include the affected request path."
INC-00052,api-gateway,SEV4,deployment_regression,"## Summary
Starting at 14:44 UTC on April 04, 2026, customers using api-gateway began experiencing all traffic routed through the affected region.

## Root Cause
The root cause was a regression introduced by deploy DEP-00643, which changed the request-validation middleware and did not account for a burst of concurrent requests under production traffic patterns. The new code path was exercised far more heavily in production than in staging, and error rates began climbing within minutes of rollout.

## Detection & Response
The incident was detected by automated alerting 1 minutes after onset, when 5xx rate crossed its configured threshold. On-call acknowledged within 9 minutes and began triage immediately, correlating the alert storm across 1 affected services before identifying api-gateway as the origin.

## Resolution
The team mitigated impact by reverting the offending change and redeploying the previous version, which brought error rates back to baseline within 20 minutes of the mitigation being applied. Full resolution, including validation that downstream services had recovered, was confirmed 39 minutes after the incident began.

## Contributing Factors
- load test suite did not cover the changed code path
- feature flag was enabled for 100% of traffic instead of a gradual ramp

## Preventive Action
Add an automatic rollback trigger keyed to error-rate and latency slos."
INC-00184,inventory-service,SEV4,deployment_regression,"## Summary
This postmortem covers a low-impact anomaly in inventory-service that began at 14:45 UTC on January 18, 2026 and affected read and write requests for a subset of users.

## Root Cause
A deploy to inventory-service at 14:45 UTC introduced a change to the session-handling code. The change passed CI but the test suite did not reproduce the production traffic shape, and the regression only became visible once real user traffic hit the new code path.

## Detection & Response
Automated monitoring fired 3 minutes into the incident on queue depth. The on-call engineer acknowledged in 4 minutes; initial triage was complicated by a wave of correlated alerts from downstream services before the team traced the issue back to inventory-service.

## Resolution
Mitigation was applied by reverting the offending change and redeploying the previous version. Metrics returned to baseline 24 minutes later, and the incident was formally closed 32 minutes after it started once all downstream alerts had cleared.

## Contributing Factors
- no automated rollback trigger on error-rate regression
- load test suite did not cover the changed code path

## Preventive Action
Expand load test coverage to include the affected request path."
INC-00288,notification-service,SEV2,deployment_regression,"## Summary
Starting at 15:57 UTC on May 16, 2026, customers using notification-service began experiencing read and write requests for a subset of users.

## Root Cause
A deploy to notification-service at 15:57 UTC introduced a change to the caching layer. The change passed CI but the test suite did not reproduce the production traffic shape, and the regression only became visible once real user traffic hit the new code path.

## Detection & Response
The incident was detected by automated alerting 1 minutes after onset, when error rate crossed its configured threshold. On-call acknowledged within 3 minutes and began triage immediately, correlating the alert storm across 3 affected services before identifying notification-service as the origin.

## Resolution
The team mitigated impact by reverting the offending change and redeploying the previous version, which brought error rates back to baseline within 15 minutes of the mitigation being applied. Full resolution, including validation that downstream services had recovered, was confirmed 24 minutes after the incident began.

## Contributing Factors
- no automated rollback trigger on error-rate regression
- insufficient canary analysis before full rollout

## Preventive Action
Expand load test coverage to include the affected request path."
INC-00243,notification-service,SEV2,deployment_regression,"## Summary
On January 31, 2026, notification-service experienced a major service degradation that affected read and write requests for a subset of users.

## Root Cause
A deploy to notification-service at 04:14 UTC introduced a change to the checkout pricing calculation. The change passed CI but the test suite did not reproduce the production traffic shape, and the regression only became visible once real user traffic hit the new code path.

## Detection & Response
Automated monitoring fired 7 minutes into the incident on queue depth. The on-call engineer acknowledged in 4 minutes; initial triage was complicated by a wave of correlated alerts from downstream services before the team traced the issue back to notification-service.

## Resolution
The team mitigated impact by reverting the offending change and redeploying the previous version, which brought error rates back to baseline within 20 minutes of the mitigation being applied. Full resolution, including validation that downstream services had recovered, was confirmed 34 minutes after the incident began.

## Contributing Factors
- feature flag was enabled for 100% of traffic instead of a gradual ramp
- load test suite did not cover the changed code path

## Preventive Action
Expand load test coverage to include the affected request path."
INC-00029,api-gateway,SEV2,deployment_regression,"## Summary
On December 20, 2025, api-gateway experienced a major service degradation that affected requests originating from the mobile client.

## Root Cause
A deploy to api-gateway at 18:19 UTC introduced a change to the retry logic. The change passed CI but the test suite did not reproduce the production traffic shape, and the regression only became visible once real user traffic hit the new code path.

## Detection & Response
The incident was detected by automated alerting 4 minutes after onset, when error rate crossed its configured threshold. On-call acknowledged within 3 minutes and began triage immediately, correlating the alert storm across 1 affected services before identifying api-gateway as the origin.

## Resolution
The team mitigated impact by reverting the offending change and redeploying the previous version, which brought error rates back to baseline within 65 minutes of the mitigation being applied. Full resolution, including validation that downstream services had recovered, was confirmed 103 minutes after the incident began.

## Contributing Factors
- insufficient canary analysis before full rollout
- no automated rollback trigger on error-rate regression

## Preventive Action
Extend the canary stage to a minimum of 30 minutes with automated error-budget gating."
INC-00158,checkout-service,SEV3,deployment_regression,"## Summary
Starting at 01:24 UTC on May 23, 2026, customers using checkout-service began experiencing all traffic routed through the affected region.

## Root Cause
A deploy to checkout-service at 01:24 UTC introduced a change to the checkout pricing calculation. The change passed CI but the test suite did not reproduce the production traffic shape, and the regression only became visible once real user traffic hit the new code path.

## Detection & Response
Automated monitoring fired 4 minutes into the incident on 5xx rate. The on-call engineer acknowledged in 17 minutes; initial triage was complicated by a wave of correlated alerts from downstream services before the team traced the issue back to checkout-service.

## Resolution
Mitigation was applied by rolling back deploy DEP-01936. Metrics returned to baseline 63 minutes later, and the incident was formally closed 98 minutes after it started once all downstream alerts had cleared.

## Contributing Factors
- no automated rollback trigger on error-rate regression
- insufficient canary analysis before full rollout

## Preventive Action
Extend the canary stage to a minimum of 30 minutes with automated error-budget gating."
INC-00218,notification-service,SEV1,deployment_regression,"## Summary
Starting at 13:17 UTC on November 08, 2025, customers using notification-service began experiencing checkout and downstream flows.

## Root Cause
A deploy to notification-service at 13:17 UTC introduced a change to the checkout pricing calculation. The change passed CI but the test suite did not reproduce the production traffic shape, and the regression only became visible once real user traffic hit the new code path.

## Detection & Response
The incident was detected by automated alerting 6 minutes after onset, when error rate crossed its configured threshold. On-call acknowledged within 1 minutes and began triage immediately, correlating the alert storm across 3 affected services before identifying notification-service as the origin.

## Resolution
Mitigation was applied by rolling back deploy DEP-02584. Metrics returned to baseline 18 minutes later, and the incident was formally closed 24 minutes after it started once all downstream alerts had cleared.

## Contributing Factors
- insufficient canary analysis before full rollout
- feature flag was enabled for 100% of traffic instead of a gradual ramp

## Preventive Action
Expand load test coverage to include the affected request path."
INC-00197,notification-service,SEV3,deployment_regression,"## Summary
This postmortem covers a minor service degradation in notification-service that began at 04:20 UTC on September 19, 2025 and affected requests originating from the mobile client.

## Root Cause
The root cause was a regression introduced by deploy DEP-02364, which changed the session-handling code and did not account for a large-payload request body under production traffic patterns. The new code path was exercised far more heavily in production than in staging, and error rates began climbing within minutes of rollout.

## Detection & Response
The incident was detected by automated alerting 7 minutes after onset, when CPU utilization crossed its configured threshold. On-call acknowledged within 4 minutes and began triage immediately, correlating the alert storm across 3 affected services before identifying notification-service as the origin.

## Resolution
The team mitigated impact by reverting the offending change and redeploying the previous version, which brought error rates back to baseline within 7 minutes of the mitigation being applied. Full resolution, including validation that downstream services had recovered, was confirmed 14 minutes after the incident began.

## Contributing Factors
- no automated rollback trigger on error-rate regression
- feature flag was enabled for 100% of traffic instead of a gradual ramp

## Preventive Action
Expand load test coverage to include the affected request path."
INC-00127,auth-service,SEV3,deployment_regression,"## Summary
On April 19, 2026, auth-service experienced a minor service degradation that affected read and write requests for a subset of users.

## Root Cause
The root cause was a regression introduced by deploy DEP-01534, which changed the checkout pricing calculation and did not account for null values in an optional field under production traffic patterns. The new code path was exercised far more heavily in production than in staging, and error rates began climbing within minutes of rollout.

## Detection & Response
Automated monitoring fired 6 minutes into the incident on 5xx rate. The on-call engineer acknowledged in 6 minutes; initial triage was complicated by a wave of correlated alerts from downstream services before the team traced the issue back to auth-service.

## Resolution
Mitigation was applied by reverting the offending change and redeploying the previous version. Metrics returned to baseline 13 minutes later, and the incident was formally closed 22 minutes after it started once all downstream alerts had cleared.

## Contributing Factors
- no automated rollback trigger on error-rate regression
- load test suite did not cover the changed code path

## Preventive Action
Add an automatic rollback trigger keyed to error-rate and latency slos."
INC-00300,notification-service,SEV1,deployment_regression,"## Summary
Starting at 03:40 UTC on July 04, 2026, customers using notification-service began experiencing all traffic routed through the affected region.

## Root Cause
The root cause was a regression introduced by deploy DEP-03705, which changed the session-handling code and did not account for a large-payload request body under production traffic patterns. The new code path was exercised far more heavily in production than in staging, and error rates began climbing within minutes of rollout.

## Detection & Response
Automated monitoring fired 5 minutes into the incident on 5xx rate. The on-call engineer acknowledged in 3 minutes; initial triage was complicated by a wave of correlated alerts from downstream services before the team traced the issue back to notification-service.

## Resolution
The team mitigated impact by rolling back deploy DEP-03705, which brought error rates back to baseline within 36 minutes of the mitigation being applied. Full resolution, including validation that downstream services had recovered, was confirmed 53 minutes after the incident began.

## Contributing Factors
- no automated rollback trigger on error-rate regression
- feature flag was enabled for 100% of traffic instead of a gradual ramp

## Preventive Action
Extend the canary stage to a minimum of 30 minutes with automated error-budget gating."
INC-00306,notification-service,SEV3,deployment_regression,"## Summary
Starting at 14:33 UTC on July 18, 2026, customers using notification-service began experiencing approximately 41% of requests during the incident window.

## Root Cause
The root cause was a regression introduced by deploy DEP-03774, which changed the retry logic and did not account for null values in an optional field under production traffic patterns. The new code path was exercised far more heavily in production than in staging, and error rates began climbing within minutes of rollout.

## Detection & Response
Automated monitoring fired 2 minutes into the incident on 5xx rate. The on-call engineer acknowledged in 8 minutes; initial triage was complicated by a wave of correlated alerts from downstream services before the team traced the issue back to notification-service.

## Resolution
The team mitigated impact by reverting the offending change and redeploying the previous version, which brought error rates back to baseline within 17 minutes of the mitigation being applied. Full resolution, including validation that downstream services had recovered, was confirmed 25 minutes after the incident began.

## Contributing Factors
- feature flag was enabled for 100% of traffic instead of a gradual ramp
- load test suite did not cover the changed code path

## Preventive Action
Add an automatic rollback trigger keyed to error-rate and latency slos."
INC-00137,auth-service,SEV1,deployment_regression,"## Summary
Starting at 14:10 UTC on August 02, 2026, customers using auth-service began experiencing read and write requests for a subset of users.

## Root Cause
A deploy to auth-service at 14:10 UTC introduced a change to the request-validation middleware. The change passed CI but the test suite did not reproduce the production traffic shape, and the regression only became visible once real user traffic hit the new code path.

## Detection & Response
Automated monitoring fired 2 minutes into the incident on error rate. The on-call engineer acknowledged in 1 minutes; initial triage was complicated by a wave of correlated alerts from downstream services before the team traced the issue back to auth-service.

## Resolution
Mitigation was applied by reverting the offending change and redeploying the previous version. Metrics returned to baseline 72 minutes later, and the incident was formally closed 112 minutes after it started once all downstream alerts had cleared.

## Contributing Factors
- feature flag was enabled for 100% of traffic instead of a gradual ramp
- load test suite did not cover the changed code path

## Preventive Action
Add an automatic rollback trigger keyed to error-rate and latency slos."
INC-00019,api-gateway,SEV4,deployment_regression,"## Summary
Starting at 16:31 UTC on November 16, 2025, customers using api-gateway began experiencing approximately 35% of requests during the incident window.

## Root Cause
The root cause was a regression introduced by deploy DEP-00223, which changed the session-handling code and did not account for a burst of concurrent requests under production traffic patterns. The new code path was exercised far more heavily in production than in staging, and error rates began climbing within minutes of rollout.

## Detection & Response
Automated monitoring fired 6 minutes into the incident on CPU utilization. The on-call engineer acknowledged in 24 minutes; initial triage was complicated by a wave of correlated alerts from downstream services before the team traced the issue back to api-gateway.

## Resolution
The team mitigated impact by reverting the offending change and redeploying the previous version, which brought error rates back to baseline within 27 minutes of the mitigation being applied. Full resolution, including validation that downstream services had recovered, was confirmed 31 minutes after the incident began.

## Contributing Factors
- load test suite did not cover the changed code path
- insufficient canary analysis before full rollout

## Preventive Action
Extend the canary stage to a minimum of 30 minutes with automated error-budget gating."
INC-00037,api-gateway,SEV1,deployment_regression,"## Summary
On January 24, 2026, api-gateway experienced a critical, customer-facing outage that affected checkout and downstream flows.

## Root Cause
The root cause was a regression introduced by deploy DEP-00417, which changed the caching layer and did not account for a large-payload request body under production traffic patterns. The new code path was exercised far more heavily in production than in staging, and error rates began climbing within minutes of rollout.

## Detection & Response
The incident was detected by automated alerting 1 minutes after onset, when 5xx rate crossed its configured threshold. On-call acknowledged within 3 minutes and began triage immediately, correlating the alert storm across 1 affected services before identifying api-gateway as the origin.

## Resolution
The team mitigated impact by reverting the offending change and redeploying the previous version, which brought error rates back to baseline within 33 minutes of the mitigation being applied. Full resolution, including validation that downstream services had recovered, was confirmed 55 minutes after the incident began.

## Contributing Factors
- feature flag was enabled for 100% of traffic instead of a gradual ramp
- insufficient canary analysis before full rollout

## Preventive Action
Add an automatic rollback trigger keyed to error-rate and latency slos."
INC-00280,notification-service,SEV2,deployment_regression,"## Summary
Starting at 01:15 UTC on April 23, 2026, customers using notification-service began experiencing checkout and downstream flows.

## Root Cause
The root cause was a regression introduced by deploy DEP-03367, which changed the request-validation middleware and did not account for requests missing a legacy header under production traffic patterns. The new code path was exercised far more heavily in production than in staging, and error rates began climbing within minutes of rollout.

## Detection & Response
The incident was detected by automated alerting 6 minutes after onset, when p99 latency crossed its configured threshold. On-call acknowledged within 3 minutes and began triage immediately, correlating the alert storm across 3 affected services before identifying notification-service as the origin.

## Resolution
The team mitigated impact by rolling back deploy DEP-03367, which brought error rates back to baseline within 13 minutes of the mitigation being applied. Full resolution, including validation that downstream services had recovered, was confirmed 21 minutes after the incident began.

## Contributing Factors
- no automated rollback trigger on error-rate regression
- feature flag was enabled for 100% of traffic instead of a gradual ramp

## Preventive Action
Add an automatic rollback trigger keyed to error-rate and latency slos."
INC-00219,notification-service,SEV3,deployment_regression,"## Summary
This postmortem covers a minor service degradation in notification-service that began at 14:59 UTC on November 11, 2025 and affected read and write requests for a subset of users.

## Root Cause
A deploy to notification-service at 14:59 UTC introduced a change to the retry logic. The change passed CI but the test suite did not reproduce the production traffic shape, and the regression only became visible once real user traffic hit the new code path.

## Detection & Response
Automated monitoring fired 3 minutes into the incident on queue depth. The on-call engineer acknowledged in 7 minutes; initial triage was complicated by a wave of correlated alerts from downstream services before the team traced the issue back to notification-service.

## Resolution
The team mitigated impact by rolling back deploy DEP-02597, which brought error rates back to baseline within 16 minutes of the mitigation being applied. Full resolution, including validation that downstream services had recovered, was confirmed 21 minutes after the incident began.

## Contributing Factors
- insufficient canary analysis before full rollout
- feature flag was enabled for 100% of traffic instead of a gradual ramp

## Preventive Action
Extend the canary stage to a minimum of 30 minutes with automated error-budget gating."
INC-00028,api-gateway,SEV4,deployment_regression,"## Summary
On December 16, 2025, api-gateway experienced a low-impact anomaly that affected all traffic routed through the affected region.

## Root Cause
The root cause was a regression introduced by deploy DEP-00307, which changed the session-handling code and did not account for a burst of concurrent requests under production traffic patterns. The new code path was exercised far more heavily in production than in staging, and error rates began climbing within minutes of rollout.

## Detection & Response
The incident was detected by automated alerting 4 minutes after onset, when 5xx rate crossed its configured threshold. On-call acknowledged within 10 minutes and began triage immediately, correlating the alert storm across 1 affected services before identifying api-gateway as the origin.

## Resolution
Mitigation was applied by rolling back deploy DEP-00307. Metrics returned to baseline 63 minutes later, and the incident was formally closed 82 minutes after it started once all downstream alerts had cleared.

## Contributing Factors
- insufficient canary analysis before full rollout
- feature flag was enabled for 100% of traffic instead of a gradual ramp

## Preventive Action
Add an automatic rollback trigger keyed to error-rate and latency slos."
INC-00107,auth-service,SEV2,deployment_regression,"## Summary
Starting at 14:09 UTC on December 31, 2025, customers using auth-service began experiencing checkout and downstream flows.

## Root Cause
A deploy to auth-service at 14:09 UTC introduced a change to the retry logic. The change passed CI but the test suite did not reproduce the production traffic shape, and the regression only became visible once real user traffic hit the new code path.

## Detection & Response
The incident was detected by automated alerting 5 minutes after onset, when 5xx rate crossed its configured threshold. On-call acknowledged within 13 minutes and began triage immediately, correlating the alert storm across 5 affected services before identifying auth-service as the origin.

## Resolution
The team mitigated impact by rolling back deploy DEP-01304, which brought error rates back to baseline within 32 minutes of the mitigation being applied. Full resolution, including validation that downstream services had recovered, was confirmed 43 minutes after the incident began.

## Contributing Factors
- load test suite did not cover the changed code path
- no automated rollback trigger on error-rate regression

## Preventive Action
Expand load test coverage to include the affected request path."
INC-00129,auth-service,SEV4,deployment_regression,"## Summary
Starting at 20:49 UTC on May 07, 2026, customers using auth-service began experiencing all traffic routed through the affected region.

## Root Cause
The root cause was a regression introduced by deploy DEP-01568, which changed the retry logic and did not account for requests missing a legacy header under production traffic patterns. The new code path was exercised far more heavily in production than in staging, and error rates began climbing within minutes of rollout.

## Detection & Response
The incident was detected by automated alerting 4 minutes after onset, when queue depth crossed its configured threshold. On-call acknowledged within 15 minutes and began triage immediately, correlating the alert storm across 5 affected services before identifying auth-service as the origin.

## Resolution
The team mitigated impact by reverting the offending change and redeploying the previous version, which brought error rates back to baseline within 11 minutes of the mitigation being applied. Full resolution, including validation that downstream services had recovered, was confirmed 19 minutes after the incident began.

## Contributing Factors
- load test suite did not cover the changed code path
- feature flag was enabled for 100% of traffic instead of a gradual ramp

## Preventive Action
Expand load test coverage to include the affected request path."
INC-00190,notification-service,SEV2,deployment_regression,"## Summary
Starting at 15:31 UTC on August 31, 2025, customers using notification-service began experiencing read and write requests for a subset of users.

## Root Cause
A deploy to notification-service at 15:31 UTC introduced a change to the caching layer. The change passed CI but the test suite did not reproduce the production traffic shape, and the regression only became visible once real user traffic hit the new code path.

## Detection & Response
The incident was detected by automated alerting 1 minutes after onset, when queue depth crossed its configured threshold. On-call acknowledged within 2 minutes and began triage immediately, correlating the alert storm across 3 affected services before identifying notification-service as the origin.

## Resolution
The team mitigated impact by rolling back deploy DEP-02261, which brought error rates back to baseline within 32 minutes of the mitigation being applied. Full resolution, including validation that downstream services had recovered, was confirmed 54 minutes after the incident began.

## Contributing Factors
- no automated rollback trigger on error-rate regression
- feature flag was enabled for 100% of traffic instead of a gradual ramp

## Preventive Action
Extend the canary stage to a minimum of 30 minutes with automated error-budget gating."
INC-00238,notification-service,SEV3,deployment_regression,"## Summary
On January 16, 2026, notification-service experienced a minor service degradation that affected all traffic routed through the affected region.

## Root Cause
The root cause was a regression introduced by deploy DEP-02879, which changed the caching layer and did not account for a burst of concurrent requests under production traffic patterns. The new code path was exercised far more heavily in production than in staging, and error rates began climbing within minutes of rollout.

## Detection & Response
Automated monitoring fired 3 minutes into the incident on error rate. The on-call engineer acknowledged in 11 minutes; initial triage was complicated by a wave of correlated alerts from downstream services before the team traced the issue back to notification-service.

## Resolution
The team mitigated impact by reverting the offending change and redeploying the previous version, which brought error rates back to baseline within 11 minutes of the mitigation being applied. Full resolution, including validation that downstream services had recovered, was confirmed 16 minutes after the incident began.

## Contributing Factors
- load test suite did not cover the changed code path
- insufficient canary analysis before full rollout

## Preventive Action
Extend the canary stage to a minimum of 30 minutes with automated error-budget gating."
INC-00292,notification-service,SEV3,deployment_regression,"## Summary
This postmortem covers a minor service degradation in notification-service that began at 13:07 UTC on May 26, 2026 and affected requests originating from the mobile client.

## Root Cause
The root cause was a regression introduced by deploy DEP-03505, which changed the checkout pricing calculation and did not account for requests missing a legacy header under production traffic patterns. The new code path was exercised far more heavily in production than in staging, and error rates began climbing within minutes of rollout.

## Detection & Response
Automated monitoring fired 7 minutes into the incident on error rate. The on-call engineer acknowledged in 4 minutes; initial triage was complicated by a wave of correlated alerts from downstream services before the team traced the issue back to notification-service.

## Resolution
Mitigation was applied by reverting the offending change and redeploying the previous version. Metrics returned to baseline 32 minutes later, and the incident was formally closed 47 minutes after it started once all downstream alerts had cleared.

## Contributing Factors
- load test suite did not cover the changed code path
- feature flag was enabled for 100% of traffic instead of a gradual ramp

## Preventive Action
Expand load test coverage to include the affected request path."
INC-00116,auth-service,SEV4,deployment_regression,"## Summary
Starting at 15:07 UTC on February 22, 2026, customers using auth-service began experiencing read and write requests for a subset of users.

## Root Cause
The root cause was a regression introduced by deploy DEP-01429, which changed the rate limiter and did not account for requests missing a legacy header under production traffic patterns. The new code path was exercised far more heavily in production than in staging, and error rates began climbing within minutes of rollout.

## Detection & Response
Automated monitoring fired 2 minutes into the incident on queue depth. The on-call engineer acknowledged in 17 minutes; initial triage was complicated by a wave of correlated alerts from downstream services before the team traced the issue back to auth-service.

## Resolution
Mitigation was applied by rolling back deploy DEP-01429. Metrics returned to baseline 23 minutes later, and the incident was formally closed 30 minutes after it started once all downstream alerts had cleared.

## Contributing Factors
- insufficient canary analysis before full rollout
- load test suite did not cover the changed code path

## Preventive Action
Expand load test coverage to include the affected request path."
INC-00120,auth-service,SEV3,deployment_regression,"## Summary
Starting at 04:57 UTC on March 22, 2026, customers using auth-service began experiencing checkout and downstream flows.

## Root Cause
The root cause was a regression introduced by deploy DEP-01478, which changed the checkout pricing calculation and did not account for a burst of concurrent requests under production traffic patterns. The new code path was exercised far more heavily in production than in staging, and error rates began climbing within minutes of rollout.

## Detection & Response
The incident was detected by automated alerting 3 minutes after onset, when queue depth crossed its configured threshold. On-call acknowledged within 3 minutes and began triage immediately, correlating the alert storm across 5 affected services before identifying auth-service as the origin.

## Resolution
Mitigation was applied by reverting the offending change and redeploying the previous version. Metrics returned to baseline 18 minutes later, and the incident was formally closed 32 minutes after it started once all downstream alerts had cleared.

## Contributing Factors
- feature flag was enabled for 100% of traffic instead of a gradual ramp
- load test suite did not cover the changed code path

## Preventive Action
Expand load test coverage to include the affected request path."
INC-00157,checkout-service,SEV2,deployment_regression,"## Summary
Starting at 07:35 UTC on April 02, 2026, customers using checkout-service began experiencing checkout and downstream flows.

## Root Cause
A deploy to checkout-service at 07:35 UTC introduced a change to the caching layer. The change passed CI but the test suite did not reproduce the production traffic shape, and the regression only became visible once real user traffic hit the new code path.

## Detection & Response
The incident was detected by automated alerting 4 minutes after onset, when queue depth crossed its configured threshold. On-call acknowledged within 4 minutes and began triage immediately, correlating the alert storm across 2 affected services before identifying checkout-service as the origin.

## Resolution
The team mitigated impact by rolling back deploy DEP-01903, which brought error rates back to baseline within 30 minutes of the mitigation being applied. Full resolution, including validation that downstream services had recovered, was confirmed 53 minutes after the incident began.

## Contributing Factors
- no automated rollback trigger on error-rate regression
- insufficient canary analysis before full rollout

## Preventive Action
Expand load test coverage to include the affected request path."
INC-00224,notification-service,SEV2,deployment_regression,"## Summary
On November 30, 2025, notification-service experienced a major service degradation that affected checkout and downstream flows.

## Root Cause
A deploy to notification-service at 13:11 UTC introduced a change to the caching layer. The change passed CI but the test suite did not reproduce the production traffic shape, and the regression only became visible once real user traffic hit the new code path.

## Detection & Response
Automated monitoring fired 3 minutes into the incident on p99 latency. The on-call engineer acknowledged in 1 minutes; initial triage was complicated by a wave of correlated alerts from downstream services before the team traced the issue back to notification-service.

## Resolution
Mitigation was applied by rolling back deploy DEP-02671. Metrics returned to baseline 19 minutes later, and the incident was formally closed 37 minutes after it started once all downstream alerts had cleared.

## Contributing Factors
- insufficient canary analysis before full rollout
- no automated rollback trigger on error-rate regression

## Preventive Action
Extend the canary stage to a minimum of 30 minutes with automated error-budget gating."
INC-00234,notification-service,SEV2,deployment_regression,"## Summary
Starting at 14:08 UTC on January 04, 2026, customers using notification-service began experiencing checkout and downstream flows.

## Root Cause
A deploy to notification-service at 14:08 UTC introduced a change to the checkout pricing calculation. The change passed CI but the test suite did not reproduce the production traffic shape, and the regression only became visible once real user traffic hit the new code path.

## Detection & Response
Automated monitoring fired 4 minutes into the incident on error rate. The on-call engineer acknowledged in 3 minutes; initial triage was complicated by a wave of correlated alerts from downstream services before the team traced the issue back to notification-service.

## Resolution
The team mitigated impact by reverting the offending change and redeploying the previous version, which brought error rates back to baseline within 19 minutes of the mitigation being applied. Full resolution, including validation that downstream services had recovered, was confirmed 35 minutes after the incident began.

## Contributing Factors
- insufficient canary analysis before full rollout
- feature flag was enabled for 100% of traffic instead of a gradual ramp

## Preventive Action
Extend the canary stage to a minimum of 30 minutes with automated error-budget gating."
INC-00050,api-gateway,SEV3,deployment_regression,"## Summary
On April 01, 2026, api-gateway experienced a minor service degradation that affected requests originating from the mobile client.

## Root Cause
A deploy to api-gateway at 14:33 UTC introduced a change to the retry logic. The change passed CI but the test suite did not reproduce the production traffic shape, and the regression only became visible once real user traffic hit the new code path.

## Detection & Response
The incident was detected by automated alerting 4 minutes after onset, when error rate crossed its configured threshold. On-call acknowledged within 6 minutes and began triage immediately, correlating the alert storm across 1 affected services before identifying api-gateway as the origin.

## Resolution
The team mitigated impact by reverting the offending change and redeploying the previous version, which brought error rates back to baseline within 10 minutes of the mitigation being applied. Full resolution, including validation that downstream services had recovered, was confirmed 16 minutes after the incident began.

## Contributing Factors
- insufficient canary analysis before full rollout
- load test suite did not cover the changed code path

## Preventive Action
Extend the canary stage to a minimum of 30 minutes with automated error-budget gating."
INC-00045,api-gateway,SEV3,deployment_regression,"## Summary
This postmortem covers a minor service degradation in api-gateway that began at 15:14 UTC on March 03, 2026 and affected requests originating from the mobile client.

## Root Cause
The root cause was a regression introduced by deploy DEP-00526, which changed the retry logic and did not account for requests missing a legacy header under production traffic patterns. The new code path was exercised far more heavily in production than in staging, and error rates began climbing within minutes of rollout.

## Detection & Response
Automated monitoring fired 3 minutes into the incident on CPU utilization. The on-call engineer acknowledged in 7 minutes; initial triage was complicated by a wave of correlated alerts from downstream services before the team traced the issue back to api-gateway.

## Resolution
The team mitigated impact by rolling back deploy DEP-00526, which brought error rates back to baseline within 17 minutes of the mitigation being applied. Full resolution, including validation that downstream services had recovered, was confirmed 22 minutes after the incident began.

## Contributing Factors
- feature flag was enabled for 100% of traffic instead of a gradual ramp
- load test suite did not cover the changed code path

## Preventive Action
Add an automatic rollback trigger keyed to error-rate and latency slos."
INC-00297,notification-service,SEV4,deployment_regression,"## Summary
This postmortem covers a low-impact anomaly in notification-service that began at 14:33 UTC on June 21, 2026 and affected approximately 34% of requests during the incident window.

## Root Cause
The root cause was a regression introduced by deploy DEP-03647, which changed the checkout pricing calculation and did not account for a burst of concurrent requests under production traffic patterns. The new code path was exercised far more heavily in production than in staging, and error rates began climbing within minutes of rollout.

## Detection & Response
Automated monitoring fired 3 minutes into the incident on CPU utilization. The on-call engineer acknowledged in 5 minutes; initial triage was complicated by a wave of correlated alerts from downstream services before the team traced the issue back to notification-service.

## Resolution
Mitigation was applied by reverting the offending change and redeploying the previous version. Metrics returned to baseline 13 minutes later, and the incident was formally closed 18 minutes after it started once all downstream alerts had cleared.

## Contributing Factors
- load test suite did not cover the changed code path
- no automated rollback trigger on error-rate regression

## Preventive Action
Add an automatic rollback trigger keyed to error-rate and latency slos."
INC-00188,inventory-service,SEV2,deployment_regression,"## Summary
Starting at 15:26 UTC on July 17, 2026, customers using inventory-service began experiencing requests originating from the mobile client.

## Root Cause
The root cause was a regression introduced by deploy DEP-02226, which changed the caching layer and did not account for a large-payload request body under production traffic patterns. The new code path was exercised far more heavily in production than in staging, and error rates began climbing within minutes of rollout.

## Detection & Response
Automated monitoring fired 7 minutes into the incident on error rate. The on-call engineer acknowledged in 3 minutes; initial triage was complicated by a wave of correlated alerts from downstream services before the team traced the issue back to inventory-service.

## Resolution
The team mitigated impact by rolling back deploy DEP-02226, which brought error rates back to baseline within 24 minutes of the mitigation being applied. Full resolution, including validation that downstream services had recovered, was confirmed 41 minutes after the incident began.

## Contributing Factors
- feature flag was enabled for 100% of traffic instead of a gradual ramp
- insufficient canary analysis before full rollout

## Preventive Action
Expand load test coverage to include the affected request path."
INC-00067,api-gateway,SEV2,deployment_regression,"## Summary
This postmortem covers a major service degradation in api-gateway that began at 16:36 UTC on May 18, 2026 and affected all traffic routed through the affected region.

## Root Cause
The root cause was a regression introduced by deploy DEP-00799, which changed the request-validation middleware and did not account for null values in an optional field under production traffic patterns. The new code path was exercised far more heavily in production than in staging, and error rates began climbing within minutes of rollout.

## Detection & Response
Automated monitoring fired 6 minutes into the incident on queue depth. The on-call engineer acknowledged in 4 minutes; initial triage was complicated by a wave of correlated alerts from downstream services before the team traced the issue back to api-gateway.

## Resolution
Mitigation was applied by rolling back deploy DEP-00799. Metrics returned to baseline 19 minutes later, and the incident was formally closed 35 minutes after it started once all downstream alerts had cleared.

## Contributing Factors
- insufficient canary analysis before full rollout
- feature flag was enabled for 100% of traffic instead of a gradual ramp

## Preventive Action
Extend the canary stage to a minimum of 30 minutes with automated error-budget gating."
INC-00136,auth-service,SEV2,deployment_regression,"## Summary
This postmortem covers a major service degradation in auth-service that began at 17:16 UTC on July 18, 2026 and affected requests originating from the mobile client.

## Root Cause
A deploy to auth-service at 17:16 UTC introduced a change to the rate limiter. The change passed CI but the test suite did not reproduce the production traffic shape, and the regression only became visible once real user traffic hit the new code path.

## Detection & Response
Automated monitoring fired 2 minutes into the incident on queue depth. The on-call engineer acknowledged in 2 minutes; initial triage was complicated by a wave of correlated alerts from downstream services before the team traced the issue back to auth-service.

## Resolution
Mitigation was applied by rolling back deploy DEP-01697. Metrics returned to baseline 30 minutes later, and the incident was formally closed 44 minutes after it started once all downstream alerts had cleared.

## Contributing Factors
- no automated rollback trigger on error-rate regression
- insufficient canary analysis before full rollout

## Preventive Action
Extend the canary stage to a minimum of 30 minutes with automated error-budget gating."
INC-00263,notification-service,SEV2,deployment_regression,"## Summary
Starting at 11:23 UTC on March 14, 2026, customers using notification-service began experiencing approximately 57% of requests during the incident window.

## Root Cause
A deploy to notification-service at 11:23 UTC introduced a change to the caching layer. The change passed CI but the test suite did not reproduce the production traffic shape, and the regression only became visible once real user traffic hit the new code path.

## Detection & Response
Automated monitoring fired 7 minutes into the incident on p99 latency. The on-call engineer acknowledged in 9 minutes; initial triage was complicated by a wave of correlated alerts from downstream services before the team traced the issue back to notification-service.

## Resolution
Mitigation was applied by reverting the offending change and redeploying the previous version. Metrics returned to baseline 25 minutes later, and the incident was formally closed 33 minutes after it started once all downstream alerts had cleared.

## Contributing Factors
- no automated rollback trigger on error-rate regression
- feature flag was enabled for 100% of traffic instead of a gradual ramp

## Preventive Action
Extend the canary stage to a minimum of 30 minutes with automated error-budget gating."
INC-00041,api-gateway,SEV3,deployment_regression,"## Summary
On February 08, 2026, api-gateway experienced a minor service degradation that affected approximately 31% of requests during the incident window.

## Root Cause
The root cause was a regression introduced by deploy DEP-00462, which changed the retry logic and did not account for null values in an optional field under production traffic patterns. The new code path was exercised far more heavily in production than in staging, and error rates began climbing within minutes of rollout.

## Detection & Response
Automated monitoring fired 1 minutes into the incident on queue depth. The on-call engineer acknowledged in 6 minutes; initial triage was complicated by a wave of correlated alerts from downstream services before the team traced the issue back to api-gateway.

## Resolution
Mitigation was applied by reverting the offending change and redeploying the previous version. Metrics returned to baseline 31 minutes later, and the incident was formally closed 35 minutes after it started once all downstream alerts had cleared.

## Contributing Factors
- no automated rollback trigger on error-rate regression
- feature flag was enabled for 100% of traffic instead of a gradual ramp

## Preventive Action
Expand load test coverage to include the affected request path."
INC-00147,checkout-service,SEV2,deployment_regression,"## Summary
This postmortem covers a major service degradation in checkout-service that began at 23:41 UTC on November 20, 2025 and affected approximately 16% of requests during the incident window.

## Root Cause
The root cause was a regression introduced by deploy DEP-01827, which changed the rate limiter and did not account for null values in an optional field under production traffic patterns. The new code path was exercised far more heavily in production than in staging, and error rates began climbing within minutes of rollout.

## Detection & Response
The incident was detected by automated alerting 7 minutes after onset, when p99 latency crossed its configured threshold. On-call acknowledged within 3 minutes and began triage immediately, correlating the alert storm across 2 affected services before identifying checkout-service as the origin.

## Resolution
The team mitigated impact by rolling back deploy DEP-01827, which brought error rates back to baseline within 23 minutes of the mitigation being applied. Full resolution, including validation that downstream services had recovered, was confirmed 37 minutes after the incident began.

## Contributing Factors
- load test suite did not cover the changed code path
- no automated rollback trigger on error-rate regression

## Preventive Action
Expand load test coverage to include the affected request path."
INC-00181,inventory-service,SEV1,deployment_regression,"## Summary
On December 03, 2025, inventory-service experienced a critical, customer-facing outage that affected checkout and downstream flows.

## Root Cause
The root cause was a regression introduced by deploy DEP-02109, which changed the request-validation middleware and did not account for requests missing a legacy header under production traffic patterns. The new code path was exercised far more heavily in production than in staging, and error rates began climbing within minutes of rollout.

## Detection & Response
The incident was detected by automated alerting 7 minutes after onset, when error rate crossed its configured threshold. On-call acknowledged within 3 minutes and began triage immediately, correlating the alert storm across 3 affected services before identifying inventory-service as the origin.

## Resolution
The team mitigated impact by rolling back deploy DEP-02109, which brought error rates back to baseline within 41 minutes of the mitigation being applied. Full resolution, including validation that downstream services had recovered, was confirmed 57 minutes after the incident began.

## Contributing Factors
- feature flag was enabled for 100% of traffic instead of a gradual ramp
- no automated rollback trigger on error-rate regression

## Preventive Action
Add an automatic rollback trigger keyed to error-rate and latency slos."
INC-00177,inventory-service,SEV3,deployment_regression,"## Summary
Starting at 12:32 UTC on September 21, 2025, customers using inventory-service began experiencing requests originating from the mobile client.

## Root Cause
A deploy to inventory-service at 12:32 UTC introduced a change to the session-handling code. The change passed CI but the test suite did not reproduce the production traffic shape, and the regression only became visible once real user traffic hit the new code path.

## Detection & Response
Automated monitoring fired 7 minutes into the incident on queue depth. The on-call engineer acknowledged in 15 minutes; initial triage was complicated by a wave of correlated alerts from downstream services before the team traced the issue back to inventory-service.

## Resolution
The team mitigated impact by reverting the offending change and redeploying the previous version, which brought error rates back to baseline within 14 minutes of the mitigation being applied. Full resolution, including validation that downstream services had recovered, was confirmed 19 minutes after the incident began.

## Contributing Factors
- feature flag was enabled for 100% of traffic instead of a gradual ramp
- load test suite did not cover the changed code path

## Preventive Action
Add an automatic rollback trigger keyed to error-rate and latency slos."
INC-00096,auth-service,SEV2,deployment_regression,"## Summary
This postmortem covers a major service degradation in auth-service that began at 01:40 UTC on October 19, 2025 and affected read and write requests for a subset of users.

## Root Cause
The root cause was a regression introduced by deploy DEP-01155, which changed the rate limiter and did not account for a burst of concurrent requests under production traffic patterns. The new code path was exercised far more heavily in production than in staging, and error rates began climbing within minutes of rollout.

## Detection & Response
Automated monitoring fired 5 minutes into the incident on CPU utilization. The on-call engineer acknowledged in 2 minutes; initial triage was complicated by a wave of correlated alerts from downstream services before the team traced the issue back to auth-service.

## Resolution
Mitigation was applied by reverting the offending change and redeploying the previous version. Metrics returned to baseline 76 minutes later, and the incident was formally closed 85 minutes after it started once all downstream alerts had cleared.

## Contributing Factors
- no automated rollback trigger on error-rate regression
- insufficient canary analysis before full rollout

## Preventive Action
Add an automatic rollback trigger keyed to error-rate and latency slos."
INC-00430,inventory-service,SEV3,resource_exhaustion,"## Summary
On December 14, 2025, inventory-service experienced a minor service degradation that affected read and write requests for a subset of users.

## Root Cause
The proximate cause was exhaustion of heap memory on inventory-service. Utilization had been trending upward for 12 hours, likely due to a scheduled batch job that was not accounted for in capacity planning, but no alert fired until the pool was already at capacity.

## Detection & Response
Automated monitoring fired 5 minutes into the incident on queue depth. The on-call engineer acknowledged in 13 minutes; initial triage was complicated by a wave of correlated alerts from downstream services before the team traced the issue back to inventory-service.

## Resolution
Mitigation was applied by restarting the affected instances and temporarily raising the resource ceiling. Metrics returned to baseline 26 minutes later, and the incident was formally closed 44 minutes after it started once all downstream alerts had cleared.

## Contributing Factors
- garbage collection pauses compounded under sustained load
- autoscaling policy had a ceiling that was never revisited

## Preventive Action
Right-size the connection pool and add alerting at 70% utilization."
INC-00483,recommendation-service,SEV2,resource_exhaustion,"## Summary
Starting at 10:09 UTC on September 03, 2025, customers using recommendation-service began experiencing checkout and downstream flows.

## Root Cause
The proximate cause was exhaustion of the thread pool on recommendation-service. Utilization had been trending upward for 26 hours, likely due to a scheduled batch job that was not accounted for in capacity planning, but no alert fired until the pool was already at capacity.

## Detection & Response
Automated monitoring fired 3 minutes into the incident on queue depth. The on-call engineer acknowledged in 5 minutes; initial triage was complicated by a wave of correlated alerts from downstream services before the team traced the issue back to recommendation-service.

## Resolution
The team mitigated impact by manually scaling out the affected service, which brought error rates back to baseline within 27 minutes of the mitigation being applied. Full resolution, including validation that downstream services had recovered, was confirmed 54 minutes after the incident began.

## Contributing Factors
- a slow memory leak in a background worker went undetected for weeks
- garbage collection pauses compounded under sustained load

## Preventive Action
Raise the autoscaling ceiling and review it quarterly against traffic growth."
INC-00332,api-gateway,SEV3,resource_exhaustion,"## Summary
On December 14, 2025, api-gateway experienced a minor service degradation that affected approximately 45% of requests during the incident window.

## Root Cause
The proximate cause was exhaustion of the thread pool on api-gateway. Utilization had been trending upward for 24 hours, likely due to a scheduled batch job that was not accounted for in capacity planning, but no alert fired until the pool was already at capacity.

## Detection & Response
The incident was detected by automated alerting 7 minutes after onset, when p99 latency crossed its configured threshold. On-call acknowledged within 7 minutes and began triage immediately, correlating the alert storm across 1 affected services before identifying api-gateway as the origin.

## Resolution
The team mitigated impact by manually scaling out the affected service, which brought error rates back to baseline within 6 minutes of the mitigation being applied. Full resolution, including validation that downstream services had recovered, was confirmed 9 minutes after the incident began.

## Contributing Factors
- autoscaling policy had a ceiling that was never revisited
- connection pool size was not scaled with recent traffic growth

## Preventive Action
Raise the autoscaling ceiling and review it quarterly against traffic growth."
INC-00386,checkout-service,SEV3,resource_exhaustion,"## Summary
This postmortem covers a minor service degradation in checkout-service that began at 01:28 UTC on January 29, 2026 and affected all traffic routed through the affected region.

## Root Cause
The proximate cause was exhaustion of the database connection pool on checkout-service. Utilization had been trending upward for 13 hours, likely due to a scheduled batch job that was not accounted for in capacity planning, but no alert fired until the pool was already at capacity.

## Detection & Response
The incident was detected by automated alerting 2 minutes after onset, when 5xx rate crossed its configured threshold. On-call acknowledged within 14 minutes and began triage immediately, correlating the alert storm across 2 affected services before identifying checkout-service as the origin.

## Resolution
The team mitigated impact by restarting the affected instances and temporarily raising the resource ceiling, which brought error rates back to baseline within 33 minutes of the mitigation being applied. Full resolution, including validation that downstream services had recovered, was confirmed 41 minutes after the incident began.

## Contributing Factors
- a slow memory leak in a background worker went undetected for weeks
- autoscaling policy had a ceiling that was never revisited

## Preventive Action
Right-size the connection pool and add alerting at 70% utilization."
INC-00475,search-service,SEV3,resource_exhaustion,"## Summary
Starting at 14:26 UTC on May 15, 2026, customers using search-service began experiencing checkout and downstream flows.

## Root Cause
The proximate cause was exhaustion of the thread pool on search-service. Utilization had been trending upward for 3 hours, likely due to organic traffic growth that outpaced capacity planning, but no alert fired until the pool was already at capacity.

## Detection & Response
The incident was detected by automated alerting 2 minutes after onset, when CPU utilization crossed its configured threshold. On-call acknowledged within 16 minutes and began triage immediately, correlating the alert storm across 2 affected services before identifying search-service as the origin.

## Resolution
The team mitigated impact by manually scaling out the affected service, which brought error rates back to baseline within 14 minutes of the mitigation being applied. Full resolution, including validation that downstream services had recovered, was confirmed 23 minutes after the incident began.

## Contributing Factors
- connection pool size was not scaled with recent traffic growth
- garbage collection pauses compounded under sustained load

## Preventive Action
Raise the autoscaling ceiling and review it quarterly against traffic growth."
INC-00400,payments-service,SEV4,resource_exhaustion,"## Summary
On January 13, 2026, payments-service experienced a low-impact anomaly that affected approximately 38% of requests during the incident window.

## Root Cause
The proximate cause was exhaustion of heap memory on payments-service. Utilization had been trending upward for 3 hours, likely due to organic traffic growth that outpaced capacity planning, but no alert fired until the pool was already at capacity.

## Detection & Response
The incident was detected by automated alerting 4 minutes after onset, when 5xx rate crossed its configured threshold. On-call acknowledged within 7 minutes and began triage immediately, correlating the alert storm across 3 affected services before identifying payments-service as the origin.

## Resolution
Mitigation was applied by restarting the affected instances and temporarily raising the resource ceiling. Metrics returned to baseline 24 minutes later, and the incident was formally closed 38 minutes after it started once all downstream alerts had cleared.

## Contributing Factors
- connection pool size was not scaled with recent traffic growth
- autoscaling policy had a ceiling that was never revisited

## Preventive Action
Raise the autoscaling ceiling and review it quarterly against traffic growth."
INC-00395,checkout-service,SEV2,resource_exhaustion,"## Summary
On April 22, 2026, checkout-service experienced a major service degradation that affected requests originating from the mobile client.

## Root Cause
The proximate cause was exhaustion of heap memory on checkout-service. Utilization had been trending upward for 21 hours, likely due to a slow leak in a recently deployed background job, but no alert fired until the pool was already at capacity.

## Detection & Response
The incident was detected by automated alerting 5 minutes after onset, when queue depth crossed its configured threshold. On-call acknowledged within 3 minutes and began triage immediately, correlating the alert storm across 2 affected services before identifying checkout-service as the origin.

## Resolution
The team mitigated impact by restarting the affected instances and temporarily raising the resource ceiling, which brought error rates back to baseline within 30 minutes of the mitigation being applied. Full resolution, including validation that downstream services had recovered, was confirmed 58 minutes after the incident began.

## Contributing Factors
- garbage collection pauses compounded under sustained load
- connection pool size was not scaled with recent traffic growth

## Preventive Action
Right-size the connection pool and add alerting at 70% utilization."
INC-00498,recommendation-service,SEV3,resource_exhaustion,"## Summary
This postmortem covers a minor service degradation in recommendation-service that began at 00:08 UTC on February 07, 2026 and affected all traffic routed through the affected region.

## Root Cause
The proximate cause was exhaustion of heap memory on recommendation-service. Utilization had been trending upward for 28 hours, likely due to a scheduled batch job that was not accounted for in capacity planning, but no alert fired until the pool was already at capacity.

## Detection & Response
Automated monitoring fired 7 minutes into the incident on error rate. The on-call engineer acknowledged in 6 minutes; initial triage was complicated by a wave of correlated alerts from downstream services before the team traced the issue back to recommendation-service.

## Resolution
The team mitigated impact by restarting the affected instances and temporarily raising the resource ceiling, which brought error rates back to baseline within 43 minutes of the mitigation being applied. Full resolution, including validation that downstream services had recovered, was confirmed 50 minutes after the incident began.

## Contributing Factors
- autoscaling policy had a ceiling that was never revisited
- a slow memory leak in a background worker went undetected for weeks

## Preventive Action
Right-size the connection pool and add alerting at 70% utilization."
INC-00346,api-gateway,SEV3,resource_exhaustion,"## Summary
On September 26, 2025, api-gateway experienced a minor service degradation that affected all traffic routed through the affected region.

## Root Cause
The proximate cause was exhaustion of the message queue on api-gateway. Utilization had been trending upward for 35 hours, likely due to a slow leak in a recently deployed background job, but no alert fired until the pool was already at capacity.

## Detection & Response
The incident was detected by automated alerting 4 minutes after onset, when p99 latency crossed its configured threshold. On-call acknowledged within 9 minutes and began triage immediately, correlating the alert storm across 1 affected services before identifying api-gateway as the origin.

## Resolution
The team mitigated impact by manually scaling out the affected service, which brought error rates back to baseline within 13 minutes of the mitigation being applied. Full resolution, including validation that downstream services had recovered, was confirmed 15 minutes after the incident began.

## Contributing Factors
- garbage collection pauses compounded under sustained load
- a slow memory leak in a background worker went undetected for weeks

## Preventive Action
Raise the autoscaling ceiling and review it quarterly against traffic growth."
INC-00437,inventory-service,SEV3,resource_exhaustion,"## Summary
Starting at 07:33 UTC on October 23, 2025, customers using inventory-service began experiencing read and write requests for a subset of users.

## Root Cause
the message queue on inventory-service climbed steadily over the preceding 8 hours before crossing a critical threshold, at which point request latency degraded sharply and a portion of requests began timing out. Once the primary instances were saturated, retries from upstream callers made the situation worse.

## Detection & Response
Automated monitoring fired 2 minutes into the incident on CPU utilization. The on-call engineer acknowledged in 6 minutes; initial triage was complicated by a wave of correlated alerts from downstream services before the team traced the issue back to inventory-service.

## Resolution
Mitigation was applied by manually scaling out the affected service. Metrics returned to baseline 73 minutes later, and the incident was formally closed 113 minutes after it started once all downstream alerts had cleared.

## Contributing Factors
- a slow memory leak in a background worker went undetected for weeks
- autoscaling policy had a ceiling that was never revisited

## Preventive Action
Add a scheduled memory-leak regression test to the release pipeline."
INC-00505,recommendation-service,SEV3,third_party_dependency,"## Summary
This postmortem covers a minor service degradation in recommendation-service that began at 00:44 UTC on December 02, 2025 and affected checkout and downstream flows.

## Root Cause
An outage at SendGridRelay degraded transactional email delivery for recommendation-service. The dependency is not currently wrapped in a circuit breaker, so failed calls consumed request threads until the service itself became unresponsive.

## Detection & Response
The incident was detected by automated alerting 6 minutes after onset, when queue depth crossed its configured threshold. On-call acknowledged within 4 minutes and began triage immediately, correlating the alert storm across 3 affected services before identifying recommendation-service as the origin.

## Resolution
Mitigation was applied by enabling a temporary in-house fallback path. Metrics returned to baseline 194 minutes later, and the incident was formally closed 252 minutes after it started once all downstream alerts had cleared.

## Contributing Factors
- no circuit breaker was configured for the upstream vendor call
- the vendor's status page did not reflect the outage for 40 minutes

## Preventive Action
Cap retries with exponential backoff and jitter."
INC-00451,notification-service,SEV3,third_party_dependency,"## Summary
Starting at 07:55 UTC on February 01, 2026, customers using notification-service began experiencing read and write requests for a subset of users.

## Root Cause
An outage at TaxJarCalc degraded tax calculation for notification-service. The dependency is not currently wrapped in a circuit breaker, so failed calls consumed request threads until the service itself became unresponsive.

## Detection & Response
Automated monitoring fired 4 minutes into the incident on p99 latency. The on-call engineer acknowledged in 13 minutes; initial triage was complicated by a wave of correlated alerts from downstream services before the team traced the issue back to notification-service.

## Resolution
Mitigation was applied by failing over to the backup provider. Metrics returned to baseline 32 minutes later, and the incident was formally closed 53 minutes after it started once all downstream alerts had cleared.

## Contributing Factors
- the vendor's status page did not reflect the outage for 40 minutes
- no circuit breaker was configured for the upstream vendor call

## Preventive Action
Subscribe to the vendor's status api rather than polling their public status page."
INC-00496,recommendation-service,SEV4,third_party_dependency,"## Summary
On April 11, 2026, recommendation-service experienced a low-impact anomaly that affected approximately 52% of requests during the incident window.

## Root Cause
An outage at SendGridRelay degraded transactional email delivery for recommendation-service. The dependency is not currently wrapped in a circuit breaker, so failed calls consumed request threads until the service itself became unresponsive.

## Detection & Response
The incident was detected by automated alerting 3 minutes after onset, when queue depth crossed its configured threshold. On-call acknowledged within 12 minutes and began triage immediately, correlating the alert storm across 3 affected services before identifying recommendation-service as the origin.

## Resolution
Mitigation was applied by failing over to the backup provider. Metrics returned to baseline 9 minutes later, and the incident was formally closed 15 minutes after it started once all downstream alerts had cleared.

## Contributing Factors
- retries without backoff amplified load on the degraded vendor
- timeout values for the vendor API were set too high

## Preventive Action
Add a circuit breaker with sane timeout and fallback behavior for the vendor call."
INC-00333,api-gateway,SEV3,third_party_dependency,"## Summary
On June 03, 2026, api-gateway experienced a minor service degradation that affected read and write requests for a subset of users.

## Root Cause
An outage at GeoIP-Cloud degraded geolocation lookups for api-gateway. The dependency is not currently wrapped in a circuit breaker, so failed calls consumed request threads until the service itself became unresponsive.

## Detection & Response
The incident was detected by automated alerting 1 minutes after onset, when error rate crossed its configured threshold. On-call acknowledged within 9 minutes and began triage immediately, correlating the alert storm across 1 affected services before identifying api-gateway as the origin.

## Resolution
Mitigation was applied by enabling a temporary in-house fallback path. Metrics returned to baseline 24 minutes later, and the incident was formally closed 27 minutes after it started once all downstream alerts had cleared.

## Contributing Factors
- no circuit breaker was configured for the upstream vendor call
- retries without backoff amplified load on the degraded vendor

## Preventive Action
Subscribe to the vendor's status api rather than polling their public status page."
INC-00476,search-service,SEV3,third_party_dependency,"## Summary
On November 28, 2025, search-service experienced a minor service degradation that affected checkout and downstream flows.

## Root Cause
CloudCDN-Edge, a third-party dependency used by search-service for static asset delivery, began returning elevated error rates and increased latency. Because search-service calls CloudCDN-Edge synchronously on the critical path, the degradation propagated directly into user-facing latency and error rates.

## Detection & Response
Automated monitoring fired 2 minutes into the incident on queue depth. The on-call engineer acknowledged in 5 minutes; initial triage was complicated by a wave of correlated alerts from downstream services before the team traced the issue back to search-service.

## Resolution
The team mitigated impact by failing over to the backup provider, which brought error rates back to baseline within 43 minutes of the mitigation being applied. Full resolution, including validation that downstream services had recovered, was confirmed 79 minutes after the incident began.

## Contributing Factors
- the vendor's status page did not reflect the outage for 40 minutes
- no circuit breaker was configured for the upstream vendor call

## Preventive Action
Cap retries with exponential backoff and jitter."
INC-00360,auth-service,SEV3,third_party_dependency,"## Summary
On December 25, 2025, auth-service experienced a minor service degradation that affected checkout and downstream flows.

## Root Cause
GeoIP-Cloud, a third-party dependency used by auth-service for geolocation lookups, began returning elevated error rates and increased latency. Because auth-service calls GeoIP-Cloud synchronously on the critical path, the degradation propagated directly into user-facing latency and error rates.

## Detection & Response
Automated monitoring fired 7 minutes into the incident on queue depth. The on-call engineer acknowledged in 5 minutes; initial triage was complicated by a wave of correlated alerts from downstream services before the team traced the issue back to auth-service.

## Resolution
Mitigation was applied by enabling a temporary in-house fallback path. Metrics returned to baseline 17 minutes later, and the incident was formally closed 27 minutes after it started once all downstream alerts had cleared.

## Contributing Factors
- retries without backoff amplified load on the degraded vendor
- the vendor's status page did not reflect the outage for 40 minutes

## Preventive Action
Cap retries with exponential backoff and jitter."
INC-00075,api-gateway,SEV2,configuration_error,"## Summary
On July 02, 2026, api-gateway experienced a major service degradation that affected checkout and downstream flows.

## Root Cause
During a configuration update to api-gateway, an inverted boolean flag was introduced. Because configuration changes bypass the standard deployment pipeline, no automated check flagged the issue before it took effect.

## Detection & Response
The incident was detected by automated alerting 3 minutes after onset, when queue depth crossed its configured threshold. On-call acknowledged within 4 minutes and began triage immediately, correlating the alert storm across 1 affected services before identifying api-gateway as the origin.

## Resolution
The team mitigated impact by reverting the configuration change, which brought error rates back to baseline within 34 minutes of the mitigation being applied. Full resolution, including validation that downstream services had recovered, was confirmed 39 minutes after the incident began.

## Contributing Factors
- config validation did not catch the malformed value before rollout
- the config change was not peer reviewed

## Preventive Action
Add a change calendar so overlapping config changes are visible across teams."
INC-00172,payments-service,SEV4,configuration_error,"## Summary
This postmortem covers a low-impact anomaly in payments-service that began at 17:12 UTC on February 28, 2026 and affected requests originating from the mobile client.

## Root Cause
During a configuration update to payments-service, a stale credential that had already been rotated was introduced. Because configuration changes bypass the standard deployment pipeline, no automated check flagged the issue before it took effect.

## Detection & Response
The incident was detected by automated alerting 2 minutes after onset, when CPU utilization crossed its configured threshold. On-call acknowledged within 19 minutes and began triage immediately, correlating the alert storm across 3 affected services before identifying payments-service as the origin.

## Resolution
Mitigation was applied by reverting the configuration change. Metrics returned to baseline 266 minutes later, and the incident was formally closed 296 minutes after it started once all downstream alerts had cleared.

## Contributing Factors
- the config change was not peer reviewed
- the change was applied directly in the environment instead of through the pipeline

## Preventive Action
Add schema validation for configuration values before rollout."
INC-00145,checkout-service,SEV3,configuration_error,"## Summary
Starting at 12:45 UTC on October 19, 2025, customers using checkout-service began experiencing checkout and downstream flows.

## Root Cause
During a configuration update to checkout-service, a value copied from the wrong environment was introduced. Because configuration changes bypass the standard deployment pipeline, no automated check flagged the issue before it took effect.

## Detection & Response
Automated monitoring fired 3 minutes into the incident on queue depth. The on-call engineer acknowledged in 6 minutes; initial triage was complicated by a wave of correlated alerts from downstream services before the team traced the issue back to checkout-service.

## Resolution
The team mitigated impact by reverting the configuration change, which brought error rates back to baseline within 28 minutes of the mitigation being applied. Full resolution, including validation that downstream services had recovered, was confirmed 44 minutes after the incident began.

## Contributing Factors
- the change was applied directly in the environment instead of through the pipeline
- config validation did not catch the malformed value before rollout

## Preventive Action
Add a change calendar so overlapping config changes are visible across teams."
INC-00076,api-gateway,SEV4,configuration_error,"## Summary
Starting at 13:17 UTC on July 05, 2026, customers using api-gateway began experiencing approximately 64% of requests during the incident window.

## Root Cause
A configuration change to the caching layer on api-gateway contained a typo in a numeric threshold. The change was applied during a routine maintenance window and was not caught by existing validation, causing request timeouts for a subset of users almost immediately after rollout.

## Detection & Response
The incident was detected by automated alerting 7 minutes after onset, when error rate crossed its configured threshold. On-call acknowledged within 5 minutes and began triage immediately, correlating the alert storm across 1 affected services before identifying api-gateway as the origin.

## Resolution
Mitigation was applied by rolling forward with the corrected configuration. Metrics returned to baseline 14 minutes later, and the incident was formally closed 18 minutes after it started once all downstream alerts had cleared.

## Contributing Factors
- config validation did not catch the malformed value before rollout
- the config change was not peer reviewed

## Preventive Action
Add a change calendar so overlapping config changes are visible across teams."
INC-00027,api-gateway,SEV3,configuration_error,"## Summary
On November 29, 2025, api-gateway experienced a minor service degradation that affected approximately 53% of requests during the incident window.

## Root Cause
During a configuration update to api-gateway, a typo in a numeric threshold was introduced. Because configuration changes bypass the standard deployment pipeline, no automated check flagged the issue before it took effect.

## Detection & Response
The incident was detected by automated alerting 3 minutes after onset, when 5xx rate crossed its configured threshold. On-call acknowledged within 8 minutes and began triage immediately, correlating the alert storm across 1 affected services before identifying api-gateway as the origin.

## Resolution
Mitigation was applied by reverting the configuration change. Metrics returned to baseline 71 minutes later, and the incident was formally closed 132 minutes after it started once all downstream alerts had cleared.

## Contributing Factors
- the change was applied directly in the environment instead of through the pipeline
- the config change was not peer reviewed

## Preventive Action
Require all configuration changes to go through the deployment pipeline with review."
INC-00057,api-gateway,SEV3,configuration_error,"## Summary
On April 18, 2026, api-gateway experienced a minor service degradation that affected requests originating from the mobile client.

## Root Cause
A configuration change to the session-handling code on api-gateway contained an inverted boolean flag. The change was applied during a routine maintenance window and was not caught by existing validation, causing a sharp rise in p99 latency almost immediately after rollout.

## Detection & Response
Automated monitoring fired 4 minutes into the incident on CPU utilization. The on-call engineer acknowledged in 9 minutes; initial triage was complicated by a wave of correlated alerts from downstream services before the team traced the issue back to api-gateway.

## Resolution
Mitigation was applied by rolling forward with the corrected configuration. Metrics returned to baseline 8 minutes later, and the incident was formally closed 14 minutes after it started once all downstream alerts had cleared.

## Contributing Factors
- two teams pushed conflicting configuration within the same maintenance window
- the change was applied directly in the environment instead of through the pipeline

## Preventive Action
Add a change calendar so overlapping config changes are visible across teams."
INC-00046,api-gateway,SEV4,configuration_error,"## Summary
On March 15, 2026, api-gateway experienced a low-impact anomaly that affected approximately 48% of requests during the incident window.

## Root Cause
During a configuration update to api-gateway, an inverted boolean flag was introduced. Because configuration changes bypass the standard deployment pipeline, no automated check flagged the issue before it took effect.

## Detection & Response
The incident was detected by automated alerting 7 minutes after onset, when 5xx rate crossed its configured threshold. On-call acknowledged within 18 minutes and began triage immediately, correlating the alert storm across 1 affected services before identifying api-gateway as the origin.

## Resolution
The team mitigated impact by rolling forward with the corrected configuration, which brought error rates back to baseline within 13 minutes of the mitigation being applied. Full resolution, including validation that downstream services had recovered, was confirmed 23 minutes after the incident began.

## Contributing Factors
- config validation did not catch the malformed value before rollout
- two teams pushed conflicting configuration within the same maintenance window

## Preventive Action
Add a change calendar so overlapping config changes are visible across teams."
INC-00242,notification-service,SEV3,configuration_error,"## Summary
On January 25, 2026, notification-service experienced a minor service degradation that affected approximately 43% of requests during the incident window.

## Root Cause
A configuration change to the request-validation middleware on notification-service contained a typo in a numeric threshold. The change was applied during a routine maintenance window and was not caught by existing validation, causing elevated 5xx error rates almost immediately after rollout.

## Detection & Response
Automated monitoring fired 7 minutes into the incident on CPU utilization. The on-call engineer acknowledged in 6 minutes; initial triage was complicated by a wave of correlated alerts from downstream services before the team traced the issue back to notification-service.

## Resolution
The team mitigated impact by rolling forward with the corrected configuration, which brought error rates back to baseline within 39 minutes of the mitigation being applied. Full resolution, including validation that downstream services had recovered, was confirmed 45 minutes after the incident began.

## Contributing Factors
- config validation did not catch the malformed value before rollout
- the change was applied directly in the environment instead of through the pipeline

## Preventive Action
Add a change calendar so overlapping config changes are visible across teams."
INC-00138,auth-service,SEV2,configuration_error,"## Summary
This postmortem covers a major service degradation in auth-service that began at 14:40 UTC on August 09, 2026 and affected approximately 26% of requests during the incident window.

## Root Cause
During a configuration update to auth-service, an inverted boolean flag was introduced. Because configuration changes bypass the standard deployment pipeline, no automated check flagged the issue before it took effect.

## Detection & Response
Automated monitoring fired 3 minutes into the incident on CPU utilization. The on-call engineer acknowledged in 4 minutes; initial triage was complicated by a wave of correlated alerts from downstream services before the team traced the issue back to auth-service.

## Resolution
The team mitigated impact by rolling forward with the corrected configuration, which brought error rates back to baseline within 34 minutes of the mitigation being applied. Full resolution, including validation that downstream services had recovered, was confirmed 69 minutes after the incident began.

## Contributing Factors
- the config change was not peer reviewed
- config validation did not catch the malformed value before rollout

## Preventive Action
Require all configuration changes to go through the deployment pipeline with review."
INC-00051,api-gateway,SEV1,configuration_error,"## Summary
On April 02, 2026, api-gateway experienced a critical, customer-facing outage that affected checkout and downstream flows.

## Root Cause
A configuration change to the rate limiter on api-gateway contained a typo in a numeric threshold. The change was applied during a routine maintenance window and was not caught by existing validation, causing elevated 5xx error rates almost immediately after rollout.

## Detection & Response
Automated monitoring fired 5 minutes into the incident on p99 latency. The on-call engineer acknowledged in 7 minutes; initial triage was complicated by a wave of correlated alerts from downstream services before the team traced the issue back to api-gateway.

## Resolution
The team mitigated impact by reverting the configuration change, which brought error rates back to baseline within 19 minutes of the mitigation being applied. Full resolution, including validation that downstream services had recovered, was confirmed 31 minutes after the incident began.

## Contributing Factors
- the config change was not peer reviewed
- two teams pushed conflicting configuration within the same maintenance window

## Preventive Action
Add schema validation for configuration values before rollout."
INC-00098,auth-service,SEV4,configuration_error,"## Summary
Starting at 15:54 UTC on November 02, 2025, customers using auth-service began experiencing checkout and downstream flows.

## Root Cause
A configuration change to the session-handling code on auth-service contained a value copied from the wrong environment. The change was applied during a routine maintenance window and was not caught by existing validation, causing a sharp rise in p99 latency almost immediately after rollout.

## Detection & Response
The incident was detected by automated alerting 3 minutes after onset, when 5xx rate crossed its configured threshold. On-call acknowledged within 8 minutes and began triage immediately, correlating the alert storm across 5 affected services before identifying auth-service as the origin.

## Resolution
The team mitigated impact by reverting the configuration change, which brought error rates back to baseline within 8 minutes of the mitigation being applied. Full resolution, including validation that downstream services had recovered, was confirmed 11 minutes after the incident began.

## Contributing Factors
- the config change was not peer reviewed
- the change was applied directly in the environment instead of through the pipeline

## Preventive Action
Add schema validation for configuration values before rollout."
INC-00171,payments-service,SEV4,configuration_error,"## Summary
This postmortem covers a low-impact anomaly in payments-service that began at 18:36 UTC on February 28, 2026 and affected all traffic routed through the affected region.

## Root Cause
A configuration change to the session-handling code on payments-service contained a typo in a numeric threshold. The change was applied during a routine maintenance window and was not caught by existing validation, causing request timeouts for a subset of users almost immediately after rollout.

## Detection & Response
The incident was detected by automated alerting 5 minutes after onset, when error rate crossed its configured threshold. On-call acknowledged within 9 minutes and began triage immediately, correlating the alert storm across 3 affected services before identifying payments-service as the origin.

## Resolution
Mitigation was applied by rolling forward with the corrected configuration. Metrics returned to baseline 15 minutes later, and the incident was formally closed 30 minutes after it started once all downstream alerts had cleared.

## Contributing Factors
- the change was applied directly in the environment instead of through the pipeline
- the config change was not peer reviewed

## Preventive Action
Add schema validation for configuration values before rollout."
INC-00130,auth-service,SEV2,configuration_error,"## Summary
Starting at 15:43 UTC on May 13, 2026, customers using auth-service began experiencing all traffic routed through the affected region.

## Root Cause
During a configuration update to auth-service, a value copied from the wrong environment was introduced. Because configuration changes bypass the standard deployment pipeline, no automated check flagged the issue before it took effect.

## Detection & Response
Automated monitoring fired 7 minutes into the incident on queue depth. The on-call engineer acknowledged in 7 minutes; initial triage was complicated by a wave of correlated alerts from downstream services before the team traced the issue back to auth-service.

## Resolution
Mitigation was applied by reverting the configuration change. Metrics returned to baseline 11 minutes later, and the incident was formally closed 18 minutes after it started once all downstream alerts had cleared.

## Contributing Factors
- two teams pushed conflicting configuration within the same maintenance window
- the config change was not peer reviewed

## Preventive Action
Add a change calendar so overlapping config changes are visible across teams."
INC-00443,inventory-service,SEV1,database_issue,"## Summary
This postmortem covers a critical, customer-facing outage in inventory-service that began at 01:07 UTC on August 11, 2026 and affected checkout and downstream flows.

## Root Cause
A query pattern against the inventory-service primary database began performing poorly after an emergency data backfill run without a maintenance window, leading to a sharp rise in p99 latency. The database's CPU and connection pool were both driven to saturation, and the effects were visible to any request that touched the affected table.

## Detection & Response
Automated monitoring fired 2 minutes into the incident on queue depth. The on-call engineer acknowledged in 4 minutes; initial triage was complicated by a wave of correlated alerts from downstream services before the team traced the issue back to inventory-service.

## Resolution
The team mitigated impact by killing the offending query and adding an emergency index, which brought error rates back to baseline within 12 minutes of the mitigation being applied. Full resolution, including validation that downstream services had recovered, was confirmed 18 minutes after the incident began.

## Contributing Factors
- replica lag exceeded the read-after-write consistency assumption in application code
- a missing index caused a full table scan under production data volumes

## Preventive Action
Add the missing index and add a query-plan check to the migration review checklist."
INC-00445,inventory-service,SEV2,database_issue,"## Summary
On September 22, 2025, inventory-service experienced a major service degradation that affected requests originating from the mobile client.

## Root Cause
A migration executed against the inventory-service database held a lock for longer than expected because a misconfigured load balancer health check. Writes to the affected table queued up, and the resulting backlog produced a sharp rise in p99 latency for downstream requests.

## Detection & Response
Automated monitoring fired 4 minutes into the incident on 5xx rate. The on-call engineer acknowledged in 2 minutes; initial triage was complicated by a wave of correlated alerts from downstream services before the team traced the issue back to inventory-service.

## Resolution
The team mitigated impact by killing the offending query and adding an emergency index, which brought error rates back to baseline within 42 minutes of the mitigation being applied. Full resolution, including validation that downstream services had recovered, was confirmed 55 minutes after the incident began.

## Contributing Factors
- a missing index caused a full table scan under production data volumes
- a long-running migration held a lock longer than anticipated

## Preventive Action
Cap migration lock duration and require online-migration tooling for large tables."
INC-00361,auth-service,SEV2,database_issue,"## Summary
Starting at 15:36 UTC on October 14, 2025, customers using auth-service began experiencing approximately 52% of requests during the incident window.

## Root Cause
A migration executed against the auth-service database held a lock for longer than expected because a partner integration retrying aggressively after its own outage. Writes to the affected table queued up, and the resulting backlog produced a queue backlog that grew unbounded for downstream requests.

## Detection & Response
The incident was detected by automated alerting 4 minutes after onset, when error rate crossed its configured threshold. On-call acknowledged within 6 minutes and began triage immediately, correlating the alert storm across 5 affected services before identifying auth-service as the origin.

## Resolution
The team mitigated impact by aborting the migration and restoring normal write traffic, which brought error rates back to baseline within 32 minutes of the mitigation being applied. Full resolution, including validation that downstream services had recovered, was confirmed 43 minutes after the incident began.

## Contributing Factors
- replica lag exceeded the read-after-write consistency assumption in application code
- a long-running migration held a lock longer than anticipated

## Preventive Action
Cap migration lock duration and require online-migration tooling for large tables."
INC-00341,api-gateway,SEV4,database_issue,"## Summary
Starting at 19:31 UTC on August 11, 2026, customers using api-gateway began experiencing requests originating from the mobile client.

## Root Cause
A query pattern against the api-gateway primary database began performing poorly after a misconfigured load balancer health check, leading to request timeouts for a subset of users. The database's CPU and connection pool were both driven to saturation, and the effects were visible to any request that touched the affected table.

## Detection & Response
The incident was detected by automated alerting 7 minutes after onset, when CPU utilization crossed its configured threshold. On-call acknowledged within 7 minutes and began triage immediately, correlating the alert storm across 1 affected services before identifying api-gateway as the origin.

## Resolution
The team mitigated impact by aborting the migration and restoring normal write traffic, which brought error rates back to baseline within 5 minutes of the mitigation being applied. Full resolution, including validation that downstream services had recovered, was confirmed 9 minutes after the incident began.

## Contributing Factors
- replica lag exceeded the read-after-write consistency assumption in application code
- a missing index caused a full table scan under production data volumes

## Preventive Action
Add the missing index and add a query-plan check to the migration review checklist."
INC-00489,recommendation-service,SEV2,database_issue,"## Summary
This postmortem covers a major service degradation in recommendation-service that began at 09:50 UTC on October 22, 2025 and affected read and write requests for a subset of users.

## Root Cause
A query pattern against the recommendation-service primary database began performing poorly after a partner integration retrying aggressively after its own outage, leading to request timeouts for a subset of users. The database's CPU and connection pool were both driven to saturation, and the effects were visible to any request that touched the affected table.

## Detection & Response
Automated monitoring fired 3 minutes into the incident on queue depth. The on-call engineer acknowledged in 6 minutes; initial triage was complicated by a wave of correlated alerts from downstream services before the team traced the issue back to recommendation-service.

## Resolution
Mitigation was applied by killing the offending query and adding an emergency index. Metrics returned to baseline 188 minutes later, and the incident was formally closed 282 minutes after it started once all downstream alerts had cleared.

## Contributing Factors
- a long-running migration held a lock longer than anticipated
- a missing index caused a full table scan under production data volumes

## Preventive Action
Add the missing index and add a query-plan check to the migration review checklist."
INC-00348,auth-service,SEV3,database_issue,"## Summary
This postmortem covers a minor service degradation in auth-service that began at 16:20 UTC on October 17, 2025 and affected read and write requests for a subset of users.

## Root Cause
A query pattern against the auth-service primary database began performing poorly after an emergency data backfill run without a maintenance window, leading to a queue backlog that grew unbounded. The database's CPU and connection pool were both driven to saturation, and the effects were visible to any request that touched the affected table.

## Detection & Response
Automated monitoring fired 4 minutes into the incident on queue depth. The on-call engineer acknowledged in 4 minutes; initial triage was complicated by a wave of correlated alerts from downstream services before the team traced the issue back to auth-service.

## Resolution
Mitigation was applied by aborting the migration and restoring normal write traffic. Metrics returned to baseline 11 minutes later, and the incident was formally closed 23 minutes after it started once all downstream alerts had cleared.

## Contributing Factors
- a missing index caused a full table scan under production data volumes
- connection pool exhaustion cascaded from a single slow query

## Preventive Action
Cap migration lock duration and require online-migration tooling for large tables."
INC-00335,api-gateway,SEV3,network_partition,"## Summary
On November 16, 2025, api-gateway experienced a minor service degradation that affected all traffic routed through the affected region.

## Root Cause
Connectivity between api-gateway and its dependencies degraded due to a partner integration retrying aggressively after its own outage. Requests that crossed the affected network path began timing out, and because retries were not backed off, the retry traffic itself added load to an already-degraded path.

## Detection & Response
The incident was detected by automated alerting 2 minutes after onset, when error rate crossed its configured threshold. On-call acknowledged within 6 minutes and began triage immediately, correlating the alert storm across 1 affected services before identifying api-gateway as the origin.

## Resolution
The team mitigated impact by rerouting traffic away from the affected availability zone, which brought error rates back to baseline within 6 minutes of the mitigation being applied. Full resolution, including validation that downstream services had recovered, was confirmed 13 minutes after the incident began.

## Contributing Factors
- cross-AZ latency spiked during a cloud provider maintenance event
- a BGP route flap affected connectivity to one availability zone

## Preventive Action
Add security group change review with a pre-deploy connectivity check."
INC-00393,checkout-service,SEV2,network_partition,"## Summary
On July 15, 2026, checkout-service experienced a major service degradation that affected all traffic routed through the affected region.

## Root Cause
A network-level fault (an emergency data backfill run without a maintenance window) caused intermittent packet loss affecting checkout-service. The intermittent nature of the fault made it difficult to distinguish from an application-level issue during the first several minutes of triage.

## Detection & Response
Automated monitoring fired 4 minutes into the incident on p99 latency. The on-call engineer acknowledged in 3 minutes; initial triage was complicated by a wave of correlated alerts from downstream services before the team traced the issue back to checkout-service.

## Resolution
Mitigation was applied by rerouting traffic away from the affected availability zone. Metrics returned to baseline 92 minutes later, and the incident was formally closed 141 minutes after it started once all downstream alerts had cleared.

## Contributing Factors
- cross-AZ latency spiked during a cloud provider maintenance event
- a misconfigured security group silently dropped a subset of traffic

## Preventive Action
Add multi-az redundancy for the affected path with automatic failover."
INC-00382,checkout-service,SEV4,network_partition,"## Summary
This postmortem covers a low-impact anomaly in checkout-service that began at 16:10 UTC on April 05, 2026 and affected all traffic routed through the affected region.

## Root Cause
Connectivity between checkout-service and its dependencies degraded due to an unannounced schema migration. Requests that crossed the affected network path began timing out, and because retries were not backed off, the retry traffic itself added load to an already-degraded path.

## Detection & Response
The incident was detected by automated alerting 1 minutes after onset, when error rate crossed its configured threshold. On-call acknowledged within 10 minutes and began triage immediately, correlating the alert storm across 2 affected services before identifying checkout-service as the origin.

## Resolution
The team mitigated impact by failing over to the secondary network path, which brought error rates back to baseline within 24 minutes of the mitigation being applied. Full resolution, including validation that downstream services had recovered, was confirmed 39 minutes after the incident began.

## Contributing Factors
- DNS resolution for an internal service intermittently failed
- cross-AZ latency spiked during a cloud provider maintenance event

## Preventive Action
Add multi-az redundancy for the affected path with automatic failover."
INC-00468,search-service,SEV4,network_partition,"## Summary
This postmortem covers a low-impact anomaly in search-service that began at 11:37 UTC on April 10, 2026 and affected all traffic routed through the affected region.

## Root Cause
Connectivity between search-service and its dependencies degraded due to a promotional email sent to the full customer list. Requests that crossed the affected network path began timing out, and because retries were not backed off, the retry traffic itself added load to an already-degraded path.

## Detection & Response
The incident was detected by automated alerting 1 minutes after onset, when 5xx rate crossed its configured threshold. On-call acknowledged within 10 minutes and began triage immediately, correlating the alert storm across 2 affected services before identifying search-service as the origin.

## Resolution
Mitigation was applied by rerouting traffic away from the affected availability zone. Metrics returned to baseline 17 minutes later, and the incident was formally closed 26 minutes after it started once all downstream alerts had cleared.

## Contributing Factors
- a BGP route flap affected connectivity to one availability zone
- cross-AZ latency spiked during a cloud provider maintenance event

## Preventive Action
Add dns resolution monitoring with alerting on failure rate."
INC-00461,notification-service,SEV3,network_partition,"## Summary
This postmortem covers a minor service degradation in notification-service that began at 19:13 UTC on January 13, 2026 and affected requests originating from the mobile client.

## Root Cause
Connectivity between notification-service and its dependencies degraded due to a promotional email sent to the full customer list. Requests that crossed the affected network path began timing out, and because retries were not backed off, the retry traffic itself added load to an already-degraded path.

## Detection & Response
Automated monitoring fired 1 minutes into the incident on 5xx rate. The on-call engineer acknowledged in 12 minutes; initial triage was complicated by a wave of correlated alerts from downstream services before the team traced the issue back to notification-service.

## Resolution
Mitigation was applied by failing over to the secondary network path. Metrics returned to baseline 30 minutes later, and the incident was formally closed 48 minutes after it started once all downstream alerts had cleared.

## Contributing Factors
- cross-AZ latency spiked during a cloud provider maintenance event
- a misconfigured security group silently dropped a subset of traffic

## Preventive Action
Add dns resolution monitoring with alerting on failure rate."
INC-00420,inventory-service,SEV2,traffic_spike,"## Summary
This postmortem covers a major service degradation in inventory-service that began at 09:42 UTC on August 31, 2025 and affected approximately 49% of requests during the incident window.

## Root Cause
inventory-service received a surge of traffic roughly 8.2x its typical baseline, driven by a promotional email sent to the full customer list. Existing rate limits and autoscaling were not tuned for a spike of this shape, and request queues began to back up within minutes.

## Detection & Response
Automated monitoring fired 4 minutes into the incident on queue depth. The on-call engineer acknowledged in 7 minutes; initial triage was complicated by a wave of correlated alerts from downstream services before the team traced the issue back to inventory-service.

## Resolution
The team mitigated impact by enabling emergency rate limiting, which brought error rates back to baseline within 17 minutes of the mitigation being applied. Full resolution, including validation that downstream services had recovered, was confirmed 25 minutes after the incident began.

## Contributing Factors
- a marketing campaign was not communicated to the on-call team in advance
- rate limiting was not tuned for the observed request pattern

## Preventive Action
Require marketing campaigns above a traffic threshold to be flagged to on-call in advance."
INC-00474,search-service,SEV3,traffic_spike,"## Summary
Starting at 02:33 UTC on November 30, 2025, customers using search-service began experiencing checkout and downstream flows.

## Root Cause
search-service received a surge of traffic roughly 10.0x its typical baseline, driven by a misconfigured load balancer health check. Existing rate limits and autoscaling were not tuned for a spike of this shape, and request queues began to back up within minutes.

## Detection & Response
The incident was detected by automated alerting 6 minutes after onset, when queue depth crossed its configured threshold. On-call acknowledged within 9 minutes and began triage immediately, correlating the alert storm across 2 affected services before identifying search-service as the origin.

## Resolution
Mitigation was applied by scaling out the affected tier and warming the cache. Metrics returned to baseline 20 minutes later, and the incident was formally closed 36 minutes after it started once all downstream alerts had cleared.

## Contributing Factors
- cache hit rate dropped sharply once the working set exceeded cache capacity
- a retry storm from clients amplified the original spike

## Preventive Action
Increase cache capacity and add cache hit-rate alerting."
INC-00368,checkout-service,SEV3,traffic_spike,"## Summary
Starting at 04:52 UTC on January 19, 2026, customers using checkout-service began experiencing approximately 55% of requests during the incident window.

## Root Cause
An unanticipated spike in traffic to checkout-service, attributable to a spike in concurrent long-running reports, exceeded the provisioned capacity for the affected tier. Cache hit rate fell as the working set outgrew cache capacity, pushing additional load onto the origin service.

## Detection & Response
The incident was detected by automated alerting 3 minutes after onset, when queue depth crossed its configured threshold. On-call acknowledged within 9 minutes and began triage immediately, correlating the alert storm across 2 affected services before identifying checkout-service as the origin.

## Resolution
The team mitigated impact by scaling out the affected tier and warming the cache, which brought error rates back to baseline within 28 minutes of the mitigation being applied. Full resolution, including validation that downstream services had recovered, was confirmed 32 minutes after the incident began.

## Contributing Factors
- a retry storm from clients amplified the original spike
- cache hit rate dropped sharply once the working set exceeded cache capacity

## Preventive Action
Require marketing campaigns above a traffic threshold to be flagged to on-call in advance."
INC-00481,search-service,SEV4,traffic_spike,"## Summary
This postmortem covers a low-impact anomaly in search-service that began at 14:06 UTC on November 16, 2025 and affected requests originating from the mobile client.

## Root Cause
An unanticipated spike in traffic to search-service, attributable to a spike in concurrent long-running reports, exceeded the provisioned capacity for the affected tier. Cache hit rate fell as the working set outgrew cache capacity, pushing additional load onto the origin service.

## Detection & Response
Automated monitoring fired 5 minutes into the incident on 5xx rate. The on-call engineer acknowledged in 12 minutes; initial triage was complicated by a wave of correlated alerts from downstream services before the team traced the issue back to search-service.

## Resolution
Mitigation was applied by scaling out the affected tier and warming the cache. Metrics returned to baseline 10 minutes later, and the incident was formally closed 15 minutes after it started once all downstream alerts had cleared.

## Contributing Factors
- rate limiting was not tuned for the observed request pattern
- a retry storm from clients amplified the original spike

## Preventive Action
Retune rate limits based on the observed traffic pattern and add burst headroom."
INC-00415,payments-service,SEV3,human_error,"## Summary
This postmortem covers a minor service degradation in payments-service that began at 17:40 UTC on October 09, 2025 and affected all traffic routed through the affected region.

## Root Cause
An engineer performing a spike in concurrent long-running reports on payments-service an inverted boolean flag. Because the action was performed outside the standard change process, it was not peer reviewed before being carried out.

## Detection & Response
Automated monitoring fired 2 minutes into the incident on 5xx rate. The on-call engineer acknowledged in 6 minutes; initial triage was complicated by a wave of correlated alerts from downstream services before the team traced the issue back to payments-service.

## Resolution
Mitigation was applied by restoring from the most recent known-good state. Metrics returned to baseline 35 minutes later, and the incident was formally closed 52 minutes after it started once all downstream alerts had cleared.

## Contributing Factors
- a runbook step was executed against the wrong environment
- the change was made outside of the standard deployment window without a second approver

## Preventive Action
Add a pre-flight backup step that cannot be skipped in the runbook tooling."
INC-00484,recommendation-service,SEV3,human_error,"## Summary
Starting at 07:02 UTC on February 24, 2026, customers using recommendation-service began experiencing approximately 47% of requests during the incident window.

## Root Cause
During a routine operational task on recommendation-service, an inverted boolean flag. The action had immediate, visible impact and was only caught once monitoring alerted on the resulting error rate.

## Detection & Response
Automated monitoring fired 7 minutes into the incident on 5xx rate. The on-call engineer acknowledged in 16 minutes; initial triage was complicated by a wave of correlated alerts from downstream services before the team traced the issue back to recommendation-service.

## Resolution
The team mitigated impact by restoring from the most recent known-good state, which brought error rates back to baseline within 20 minutes of the mitigation being applied. Full resolution, including validation that downstream services had recovered, was confirmed 24 minutes after the incident began.

## Contributing Factors
- the change was made outside of the standard deployment window without a second approver
- a manual database update skipped the usual backup step

## Preventive Action
Require a second approver for changes made outside the standard deployment window."
INC-00398,payments-service,SEV1,human_error,"## Summary
This postmortem covers a critical, customer-facing outage in payments-service that began at 19:27 UTC on June 26, 2026 and affected read and write requests for a subset of users.

## Root Cause
An engineer performing a cloud provider maintenance event on payments-service a stale credential that had already been rotated. Because the action was performed outside the standard change process, it was not peer reviewed before being carried out.

## Detection & Response
Automated monitoring fired 7 minutes into the incident on p99 latency. The on-call engineer acknowledged in 2 minutes; initial triage was complicated by a wave of correlated alerts from downstream services before the team traced the issue back to payments-service.

## Resolution
The team mitigated impact by restoring from the most recent known-good state, which brought error rates back to baseline within 129 minutes of the mitigation being applied. Full resolution, including validation that downstream services had recovered, was confirmed 191 minutes after the incident began.

## Contributing Factors
- a manual database update skipped the usual backup step
- a runbook step was executed against the wrong environment

## Preventive Action
Add an environment confirmation step to the runbook before destructive actions."
INC-00374,checkout-service,SEV3,human_error,"## Summary
On April 02, 2026, checkout-service experienced a minor service degradation that affected requests originating from the mobile client.

## Root Cause
An engineer performing a cloud provider maintenance event on checkout-service a value copied from the wrong environment. Because the action was performed outside the standard change process, it was not peer reviewed before being carried out.

## Detection & Response
Automated monitoring fired 5 minutes into the incident on CPU utilization. The on-call engineer acknowledged in 16 minutes; initial triage was complicated by a wave of correlated alerts from downstream services before the team traced the issue back to checkout-service.

## Resolution
The team mitigated impact by reverting the erroneous action, which brought error rates back to baseline within 39 minutes of the mitigation being applied. Full resolution, including validation that downstream services had recovered, was confirmed 63 minutes after the incident began.

## Contributing Factors
- a runbook step was executed against the wrong environment
- an engineer misread a dashboard and restarted the wrong service

## Preventive Action
Add an environment confirmation step to the runbook before destructive actions."
INC-00457,notification-service,SEV2,human_error,"## Summary
This postmortem covers a major service degradation in notification-service that began at 05:54 UTC on December 20, 2025 and affected all traffic routed through the affected region.

## Root Cause
During a routine operational task on notification-service, an inverted boolean flag. The action had immediate, visible impact and was only caught once monitoring alerted on the resulting error rate.

## Detection & Response
The incident was detected by automated alerting 4 minutes after onset, when 5xx rate crossed its configured threshold. On-call acknowledged within 2 minutes and began triage immediately, correlating the alert storm across 3 affected services before identifying notification-service as the origin.

## Resolution
Mitigation was applied by restoring from the most recent known-good state. Metrics returned to baseline 23 minutes later, and the incident was formally closed 37 minutes after it started once all downstream alerts had cleared.

## Contributing Factors
- a runbook step was executed against the wrong environment
- a manual database update skipped the usual backup step

## Preventive Action
Add a pre-flight backup step that cannot be skipped in the runbook tooling."
